1.0,1.0,0.5499565896874399
1.0,1.0,0.6681955363530825
1.0,0.0,0.31853692801604105
1.0,1.0,0.6733295937616232
1.0,1.0,0.8551736570271546
1.0,1.0,0.8778396713524361
1.0,1.0,0.5289231794959499
1.0,0.0,0.2236818891397905
1.0,1.0,1.0
1.0,1.0,0.6342661855579748
1.0,1.0,0.6792356959885438
1.0,1.0,1.0
1.0,1.0,0.6534754968443388
1.0,1.0,0.7970552322028939
1.0,1.0,0.7856244414228435
1.0,1.0,1.0
1.0,1.0,0.7826492139361855
1.0,1.0,0.5995387535724641
1.0,1.0,0.8897074517995345
1.0,1.0,0.8904670392163938
1.0,1.0,0.6432692485593627
1.0,0.0,0.2278549150691513
1.0,1.0,0.7811941226237351
1.0,1.0,0.8533089736461155
1.0,1.0,0.8956563548993325
1.0,0.0,0.21437705835627918
1.0,0.0,0.0
1.0,1.0,0.7869535892894012
1.0,1.0,0.6939630458081382
1.0,1.0,0.7769921786285572
1.0,1.0,0.5668867517474041
1.0,0.0,0.3214576050558112
1.0,1.0,0.8009279890228531
1.0,0.0,0.22715825497981432
1.0,1.0,0.6594948844403202
1.0,0.0,0.3428867580592205
1.0,1.0,0.8938219931213788
1.0,1.0,1.0
1.0,1.0,0.5642186088183573
1.0,1.0,0.6701026917741891
1.0,1.0,0.781616215187883
1.0,1.0,1.0
1.0,1.0,0.8831028452852644
1.0,1.0,0.7787632987481107
1.0,0.0,0.4440655278232061
1.0,1.0,0.8929113786769954
1.0,1.0,0.6793782536375909
1.0,1.0,0.6824624810392765
1.0,1.0,0.7898138612345307
1.0,1.0,0.8921809942346273
1.0,1.0,0.5525323148252869
1.0,0.0,0.435991471929674
1.0,1.0,0.7786851812469542
1.0,0.0,0.22460703259255982
1.0,1.0,0.8940516161731596
1.0,1.0,0.6877320779744772
1.0,1.0,0.6807330640189992
1.0,1.0,0.6726402258755725
1.0,0.0,0.24149832992619663
1.0,1.0,0.8948444939121402
1.0,1.0,0.783847924855546
1.0,1.0,1.0
1.0,0.0,0.31840592909503496
1.0,1.0,0.5535627735629645
1.0,0.0,0.10161400479008867
1.0,1.0,0.9018683321101747
1.0,1.0,0.5632946946081495
1.0,1.0,0.8936513798255029
1.0,1.0,0.7646783648695852
1.0,1.0,0.7891098509850887
1.0,1.0,0.8900440734556673
1.0,0.0,0.45172869102014396
1.0,1.0,0.6712438632208589
1.0,0.0,0.4358762582202492
1.0,1.0,0.8987782671564967
1.0,0.0,0.31893059331731216
1.0,1.0,0.5214499483425818
1.0,1.0,0.7676851243661954
1.0,1.0,0.6707154027191596
1.0,1.0,0.5633413349772307
1.0,1.0,1.0
1.0,1.0,0.5573613048445969
1.0,1.0,0.6946070276491787
1.0,1.0,0.8915860689521615
1.0,1.0,0.778345739975897
1.0,1.0,0.8757825246123827
1.0,1.0,0.7910547500417409
1.0,1.0,0.6634216334033657
1.0,1.0,0.8846095554952084
1.0,1.0,1.0
1.0,1.0,0.6620158233490843
1.0,1.0,0.7819755987752375
1.0,1.0,0.9061495787522212
1.0,0.0,0.2120344035708108
1.0,1.0,0.7496302535995846
1.0,0.0,0.33584515714522906
1.0,1.0,0.8908503364646156
1.0,1.0,1.0
1.0,1.0,0.6600712815836652
1.0,1.0,1.0
1.0,1.0,0.8866186874842326
1.0,1.0,0.8686915158304325
1.0,1.0,0.6709387212252594
1.0,0.0,0.4364154915255886
1.0,0.0,0.32029189619719745
1.0,1.0,0.8811176434583504
1.0,1.0,1.0
1.0,1.0,0.6871339712088328
1.0,1.0,0.5351354466778289
1.0,0.0,0.21954924740314474
1.0,1.0,0.6066268638957839
1.0,1.0,0.5449537501554291
1.0,0.0,0.20880380498941037
1.0,1.0,0.7872806082099235
1.0,1.0,0.89091228720718
1.0,1.0,0.7608694860329026
1.0,0.0,0.3340582465038408
1.0,1.0,0.6258478958563825
1.0,0.0,0.45355415927391596
1.0,1.0,1.0
1.0,1.0,0.5512095970973403
1.0,1.0,1.0
1.0,1.0,0.8937257258339962
1.0,1.0,0.6803974256360688
1.0,0.0,0.20679458742342802
1.0,1.0,0.7722385513366979
1.0,1.0,0.7858359644456809
1.0,1.0,0.890866050635603
1.0,0.0,0.22012765181131247
1.0,1.0,0.8859993689198248
1.0,1.0,0.7495891540856491
1.0,1.0,0.6846714444660487
1.0,1.0,0.8900874623153621
1.0,1.0,0.8926800737570428
1.0,0.0,0.33277638168176227
1.0,1.0,0.7816822503900357
1.0,1.0,0.8899223339139939
1.0,1.0,0.6919456080034235
1.0,1.0,0.9003995439382549
1.0,1.0,1.0
1.0,1.0,0.6610307257970233
1.0,1.0,0.564410517822791
1.0,1.0,0.6478444831568991
1.0,1.0,0.5946205988201123
1.0,1.0,0.8991910665183154
1.0,1.0,0.5700821730811332
1.0,1.0,1.0
1.0,1.0,1.0
1.0,1.0,0.6791456508893873
1.0,1.0,0.897956324379259
1.0,1.0,0.7872143238903548
1.0,0.0,0.23281998645161645
1.0,0.0,0.4528987587681608
1.0,1.0,0.7838087114006093
1.0,1.0,0.7869086218143213
1.0,1.0,0.8825096830098433
1.0,1.0,0.7858258563863054
1.0,1.0,1.0
1.0,1.0,0.8993038767047473
1.0,0.0,0.0
1.0,0.0,0.2163678863697414
1.0,0.0,0.0
1.0,1.0,0.6738521166225437
1.0,0.0,0.2186716657361964
1.0,1.0,0.7890477564199365
1.0,1.0,0.6773240757634568
1.0,1.0,1.0
1.0,0.0,0.34088893351244254
1.0,1.0,0.7654689611349705
1.0,1.0,0.5505664537142815
1.0,1.0,0.7764993827271628
1.0,1.0,0.7800663571941702
1.0,1.0,0.891365617372517
1.0,1.0,0.7832227532908292
1.0,0.0,0.3389349959398351
1.0,1.0,0.7512409937090081
1.0,0.0,0.32420987465075507
1.0,0.0,0.21852742728862856
1.0,1.0,0.78697584214744
1.0,1.0,0.6600900201592744
1.0,0.0,0.4344115339893456
1.0,0.0,0.09953124579292402
1.0,1.0,0.7894718920876593
1.0,1.0,1.0
1.0,1.0,0.6591064682300845
1.0,1.0,0.6610973571925185
1.0,1.0,0.6728095223436685
1.0,0.0,0.11087805997961163
1.0,1.0,0.7940670657387949
1.0,1.0,0.7894520959820918
1.0,1.0,0.6783161758963308
1.0,1.0,0.7781731535725485
1.0,1.0,0.6567195157578161
1.0,1.0,0.8811662027391294
1.0,0.0,0.32658954755828373
1.0,1.0,0.8985010125090218
1.0,1.0,0.5478416342462098
1.0,1.0,0.5463925528874715
1.0,0.0,0.47206428156802577
1.0,1.0,0.7845475241162079
1.0,0.0,0.46726342259952824
1.0,1.0,0.889471241099548
1.0,1.0,0.5585938183329279
1.0,1.0,0.6484379913653591
1.0,1.0,1.0
1.0,1.0,0.8901025050963406
1.0,0.0,0.32344446500448853
1.0,1.0,0.6740760558525395
1.0,1.0,0.7768881049580958
1.0,1.0,0.9022605506049621
1.0,1.0,0.7911683535307333
1.0,1.0,1.0
1.0,1.0,0.6932964383277879
1.0,1.0,0.5510134386238087
1.0,1.0,0.6615118147667158
1.0,1.0,0.8994321397374392
1.0,0.0,0.343614962647543
1.0,1.0,0.7911221959860819
1.0,0.0,0.10333229812873956
1.0,1.0,0.775505500916257
1.0,1.0,0.7940743347786857
1.0,0.0,0.20451118380930636
1.0,1.0,1.0
1.0,0.0,0.44560124632986553
1.0,0.0,0.11878883993775777
1.0,0.0,0.31926471219724956
1.0,1.0,0.6475340961699497
1.0,0.0,0.42056583594247393
1.0,1.0,0.7845378240343064
1.0,0.0,0.1054896770134049
1.0,1.0,0.8867125091014935
1.0,1.0,0.8898022878648191
1.0,1.0,0.7860832370659433
1.0,1.0,0.897596958464359
1.0,0.0,0.3184570752325439
1.0,1.0,1.0
1.0,0.0,0.2219033439685049
1.0,1.0,0.777308800695884
1.0,0.0,0.0
1.0,1.0,0.7756690591066723
1.0,0.0,0.4290861095647401
1.0,1.0,0.7834954476465753
1.0,0.0,0.454611146482005
1.0,0.0,0.32384830268162
1.0,0.0,0.1291882544897259
1.0,1.0,0.8974617017111789
1.0,1.0,0.6751914643109013
1.0,1.0,1.0
1.0,1.0,0.8863225125151414
1.0,1.0,0.7943001719770947
1.0,0.0,0.11044548666751161
1.0,1.0,0.873528619426373
1.0,1.0,0.8851849984194279
1.0,1.0,0.8930948510332455
1.0,0.0,0.33815462976129324
1.0,1.0,0.7843965331956885
1.0,0.0,0.21790493348772355
1.0,1.0,1.0
1.0,1.0,0.5457254687428393
1.0,1.0,0.6642716821568839
1.0,1.0,0.8812450506135542
1.0,0.0,0.4418117290738035
1.0,1.0,0.8714535064645391
1.0,1.0,0.7814030595974517
1.0,1.0,0.8947517441631332
1.0,1.0,1.0
1.0,1.0,0.7680805973726389
1.0,0.0,0.10608604942792363
1.0,1.0,0.5468869868298535
1.0,1.0,0.5703051576473377
1.0,1.0,1.0
1.0,0.0,0.44248160877401477
1.0,1.0,1.0
1.0,1.0,0.6720831288323195
1.0,0.0,0.3247984228056161
1.0,1.0,0.5708960059893101
1.0,1.0,0.8968743646537032
1.0,1.0,1.0
1.0,0.0,0.3347670439115643
1.0,1.0,0.8696529723121615
1.0,1.0,0.8922762463819689
1.0,1.0,0.7782081867306244
1.0,1.0,0.8928913143396949
1.0,0.0,0.10561873246955938
1.0,1.0,0.7904041038885633
1.0,1.0,0.7737677647056882
1.0,1.0,0.5455478430289837
1.0,1.0,0.6655201627915445
1.0,1.0,0.7810286431786717
1.0,1.0,0.7830901168987674
1.0,1.0,0.779591153471764
1.0,1.0,0.8988779182322498
1.0,1.0,0.530882819493505
1.0,0.0,0.4554620342952237
1.0,1.0,0.8955213357630449
1.0,1.0,0.8989970942399542
1.0,0.0,0.4628927502171236
1.0,1.0,0.6723509007831233
1.0,0.0,0.4222922728085795
1.0,1.0,0.5108016035402442
1.0,1.0,0.6736104875880418
1.0,1.0,1.0
1.0,1.0,0.5710761766064191
1.0,1.0,0.7781868866086079
1.0,1.0,0.6466062121097794
1.0,0.0,0.44850779152314424
1.0,1.0,0.7899634229059959
1.0,1.0,0.8915107498082754
1.0,1.0,0.8892749196407885
1.0,0.0,0.3253636099997329
1.0,1.0,0.8969241001066017
1.0,1.0,1.0
1.0,1.0,0.6474934300764589
1.0,1.0,1.0
1.0,1.0,0.5769334931611507
1.0,1.0,0.7765750859382017
1.0,1.0,0.6782644568949757
1.0,1.0,0.8898757211835961
1.0,1.0,1.0
1.0,1.0,0.8945553883648184
1.0,1.0,0.5623809848568224
1.0,1.0,0.8940923716443698
1.0,1.0,1.0
1.0,1.0,0.7714168343151263
1.0,1.0,1.0
1.0,1.0,0.7806915860106153
1.0,0.0,0.44128865729620714
1.0,0.0,0.3482785408004576
1.0,0.0,0.22247556495831727
1.0,1.0,0.8990767948118951
1.0,1.0,0.8929300433038988
1.0,0.0,0.21412132896357597
1.0,1.0,0.8737043068616549
1.0,1.0,1.0
1.0,1.0,1.0
1.0,1.0,0.7641605197342282
1.0,1.0,1.0
1.0,1.0,0.5627309002623556
1.0,1.0,0.8988302891630745
1.0,1.0,1.0
1.0,0.0,0.43986155409405225
1.0,1.0,0.7841476090473126
1.0,1.0,1.0
1.0,0.0,0.11012861715066088
1.0,0.0,0.21990152480631459
1.0,1.0,1.0
1.0,1.0,1.0
1.0,1.0,0.902574387661115
1.0,1.0,0.6576190721381407
1.0,0.0,0.4409158173335619
1.0,1.0,0.7734760602163664
1.0,1.0,0.8996747419321616
1.0,0.0,0.12202014567812368
1.0,1.0,0.8944819919903731
1.0,1.0,0.5794411908658077
1.0,0.0,0.10826920033756458
1.0,1.0,1.0
1.0,0.0,0.22821014270193188
1.0,1.0,0.8810299003236649
1.0,1.0,0.5549213069928701
1.0,1.0,0.6733742746035977
1.0,1.0,0.7740840592826326
1.0,1.0,0.7719518852331088
1.0,0.0,0.3378527785761318
1.0,1.0,0.7776747296875509
1.0,0.0,0.10662058991430615
1.0,1.0,0.7809109462446675
1.0,1.0,0.5612734302748854
1.0,1.0,0.5664044004546234
1.0,1.0,0.5581405538903254
1.0,0.0,0.445631252139824
1.0,1.0,0.9003204473051641
1.0,0.0,0.1206036006294271
1.0,1.0,0.659657113823045
1.0,1.0,0.8002051578201035
1.0,0.0,0.11369367983953552
1.0,1.0,1.0
1.0,1.0,0.8978959869642678
1.0,1.0,0.7737805753751851
1.0,1.0,0.7014266451592885
1.0,1.0,0.7759127579580087
1.0,1.0,1.0
1.0,0.0,0.44212934096652673
1.0,1.0,0.5552175550957831
1.0,1.0,0.6400814161731558
1.0,1.0,0.769215653268638
1.0,1.0,1.0
1.0,1.0,0.6332062987698052
1.0,1.0,0.7890693545381678
1.0,1.0,0.7986655722595547
1.0,0.0,0.43028369755407747
1.0,0.0,0.1098666492507487
1.0,1.0,0.6121077189086601
1.0,1.0,0.9090735898976327
1.0,1.0,0.8971065413963926
1.0,1.0,0.7850480948465285
1.0,1.0,1.0
1.0,1.0,0.7786620539173542
1.0,0.0,0.33076575137617886
1.0,1.0,0.7705420691526245
1.0,1.0,0.662479365090185
1.0,0.0,0.10628744557775323
1.0,1.0,0.8933345668402187
1.0,1.0,1.0
1.0,0.0,0.0
1.0,0.0,0.2158410196905698
1.0,1.0,0.8906270477154953
1.0,1.0,0.7748284930887125
1.0,1.0,0.6432112336298975
1.0,1.0,1.0
1.0,1.0,1.0
1.0,1.0,0.7619346788170731
1.0,1.0,1.0
1.0,1.0,1.0
1.0,1.0,0.568527921131474
1.0,1.0,0.7802333239275844
1.0,1.0,1.0
1.0,1.0,1.0
1.0,1.0,0.8688924704521914
1.0,1.0,0.7687370712937158
1.0,0.0,0.44750376559182453
1.0,1.0,0.8964913761095333
1.0,1.0,0.8918281301032968
1.0,1.0,1.0
1.0,1.0,0.8982303497980932
1.0,1.0,0.8870975503991732
1.0,1.0,0.7782412208835122
1.0,1.0,1.0
1.0,1.0,0.5523947952474341
1.0,0.0,0.4512304119400804
1.0,0.0,0.33562613286339377
1.0,1.0,0.6683230991347252
1.0,1.0,0.8883489169179319
1.0,1.0,0.7909474989938224
1.0,0.0,0.10937237184741196
1.0,1.0,0.7803740017267502
1.0,1.0,1.0
1.0,1.0,1.0
1.0,1.0,1.0
1.0,1.0,0.8967326525570117
1.0,1.0,0.7924762089016789
1.0,1.0,0.6638032729734955
1.0,1.0,0.8676376080374179
1.0,1.0,0.5537247400007927
1.0,1.0,0.901447240702617
1.0,1.0,0.6619167976585468
1.0,1.0,0.6532023087815937
1.0,1.0,0.7751632624322283
1.0,1.0,0.8983018544714894
1.0,1.0,1.0
1.0,1.0,0.7958542286818268
1.0,0.0,0.21423701589973498
1.0,1.0,0.8910685466398877
1.0,0.0,0.24292167120077787
1.0,1.0,0.762140807592291
1.0,0.0,0.2206611388119141
1.0,0.0,0.33213185467764317
1.0,0.0,0.11372354277488572
1.0,1.0,0.675339084983969
1.0,1.0,1.0
1.0,1.0,0.6729240160169031
1.0,1.0,0.6718832538333512
1.0,1.0,0.8722134339282629
1.0,1.0,0.7748240978794472
1.0,1.0,0.9005266819813971
1.0,0.0,0.4594075310503934
1.0,1.0,0.8983690759782923
1.0,1.0,1.0
1.0,1.0,0.8573836925441983
1.0,1.0,0.6838228371689524
1.0,1.0,0.7884879113883148
1.0,1.0,0.8943333400655584
1.0,1.0,1.0
1.0,1.0,0.6625679917941559
1.0,0.0,0.44131059015494495
1.0,1.0,0.777939785588834
1.0,1.0,0.7818997334564813
1.0,0.0,0.33328561628101855
1.0,1.0,1.0
1.0,1.0,0.8902454793143493
1.0,0.0,0.30938859308551797
1.0,1.0,0.5639266410480176
1.0,1.0,0.8928132562316697
1.0,1.0,0.8906511986416578
1.0,1.0,0.6729002880097779
1.0,1.0,1.0
1.0,1.0,1.0
1.0,1.0,1.0
1.0,1.0,0.7928239399737763
1.0,0.0,0.20427683981399947
1.0,1.0,1.0
1.0,1.0,0.7798986147785559
1.0,1.0,0.8983394544940206
1.0,1.0,1.0
1.0,1.0,1.0
1.0,1.0,0.6485144337428467
1.0,0.0,0.45608667432500666
1.0,1.0,1.0
1.0,1.0,0.8062743977478631
1.0,1.0,0.7809400310471603
1.0,0.0,0.4440568756387797
1.0,1.0,0.9030586247456339
1.0,1.0,1.0
1.0,1.0,1.0
1.0,1.0,0.8862095205195203
1.0,1.0,0.7822658274678275
1.0,1.0,0.5598687578468304
1.0,1.0,0.5491651767413802
1.0,1.0,0.777644939866436
1.0,1.0,0.535290590303532
1.0,1.0,0.7973723480365986
1.0,1.0,0.7847896838214696
1.0,1.0,0.7629100350210124
1.0,1.0,0.8947696268961917
1.0,1.0,0.5841803226648864
1.0,1.0,1.0
1.0,1.0,0.8758104102051796
1.0,1.0,0.8919909301863286
1.0,1.0,0.679192468955605
1.0,1.0,0.9049186790172451
1.0,1.0,0.7773963446895976
1.0,0.0,0.45961360366677106
1.0,1.0,0.5718153629449814
1.0,1.0,1.0
1.0,0.0,0.4729772871891629
1.0,1.0,0.8958076315290114
1.0,1.0,0.6605805751668279
1.0,1.0,0.8931056262971793
1.0,0.0,0.4099339555889545
1.0,1.0,0.6641492494457145
1.0,1.0,1.0
1.0,1.0,0.6743734807645335
1.0,1.0,0.8946758571382193
1.0,0.0,0.0
1.0,1.0,1.0
1.0,1.0,0.5410606182514714
1.0,1.0,0.8957915562558443
1.0,1.0,0.8843698490092908
1.0,0.0,0.3247179992245193
1.0,1.0,1.0
1.0,0.0,0.4674967628536377
1.0,0.0,0.46260297188402
1.0,1.0,1.0
1.0,0.0,0.4428009358226885
1.0,1.0,0.5588961545211087
1.0,1.0,0.8986049185683098
1.0,1.0,1.0
1.0,1.0,0.5600528919970622
1.0,1.0,0.7797633269978411
1.0,1.0,1.0
1.0,0.0,0.3286925576161241
1.0,1.0,0.564398035092007
1.0,1.0,1.0
1.0,1.0,0.670794763526239
1.0,1.0,0.6810894980267878
1.0,1.0,0.6573996123951314
1.0,0.0,0.33661952997805267
1.0,0.0,0.0
1.0,1.0,0.8931547554428428
1.0,1.0,0.8742097744833899
1.0,1.0,0.6592543473349847
1.0,1.0,0.8837963450074717
1.0,1.0,0.6610339166243753
1.0,1.0,1.0
1.0,1.0,0.899857743491342
1.0,1.0,1.0
1.0,1.0,0.8963244588082117
1.0,0.0,0.13401315457856938
1.0,1.0,0.8983127576850998
1.0,1.0,1.0
1.0,1.0,0.7926986562959124
1.0,1.0,1.0
1.0,1.0,0.6783244252756361
1.0,1.0,0.8790311142028194
1.0,1.0,1.0
1.0,1.0,0.8080163327711332
1.0,0.0,0.21183849133871055
1.0,1.0,0.7763613340282427
1.0,1.0,0.8872695076970296
1.0,1.0,0.6603288295851573
1.0,1.0,0.7572293231826707
1.0,1.0,0.7890631153858908
1.0,1.0,0.8883310094153851
1.0,0.0,0.2177708291086095
1.0,1.0,0.8931007883848623
1.0,1.0,0.6605685162374455
1.0,1.0,0.8674279164145533
1.0,1.0,0.6911519290795096
1.0,1.0,0.6758208649897866
1.0,1.0,0.901982424022132
1.0,1.0,0.7645033297029665
1.0,1.0,1.0
1.0,0.0,0.4527751537394444
1.0,1.0,0.7527408813189388
1.0,1.0,0.6474256732471403
1.0,1.0,1.0
1.0,1.0,0.897383158775621
1.0,1.0,0.9054156789910774
1.0,0.0,0.10691064053951085
1.0,1.0,0.7685314025118426
1.0,1.0,1.0
1.0,0.0,0.48831414798079215
1.0,1.0,0.6799407477635013
1.0,1.0,0.8993547976262307
1.0,1.0,0.5323886152610718
1.0,1.0,1.0
1.0,1.0,1.0
1.0,1.0,0.754256533145211
1.0,1.0,0.7740060757518852
1.0,1.0,0.668198893928632
1.0,1.0,0.7769214511798201
1.0,1.0,0.5621338424257113
1.0,1.0,1.0
1.0,1.0,1.0
1.0,1.0,0.5817444562848587
1.0,1.0,0.9025250565467131
1.0,1.0,1.0
1.0,1.0,0.894200023642637
1.0,1.0,0.5647628389465542
1.0,1.0,0.7927953901078004
1.0,1.0,1.0
1.0,1.0,0.8805433585840288
1.0,1.0,0.5667058852884748
1.0,1.0,1.0
1.0,0.0,0.4097516055704433
1.0,1.0,0.7888828193869855
1.0,1.0,1.0
1.0,0.0,0.46577383522614335
1.0,1.0,0.8864215162949134
1.0,1.0,0.8688347951149135
1.0,0.0,0.22006209964184273
1.0,1.0,1.0
1.0,1.0,0.8928397063392476
1.0,1.0,1.0
1.0,1.0,1.0
1.0,1.0,0.7629425211008691
1.0,1.0,0.8947714385966875
1.0,1.0,1.0
1.0,0.0,0.23129457519915841
1.0,1.0,0.8839462880172958
1.0,1.0,1.0
1.0,1.0,0.8921501876735939
1.0,1.0,0.5798352167834974
1.0,0.0,0.4555319316159673
1.0,1.0,1.0
1.0,1.0,0.7782117870711674
1.0,1.0,0.6777728363839493
1.0,1.0,0.891715880522542
1.0,1.0,0.889592845454589
1.0,0.0,0.34880537498059916
1.0,1.0,0.8980359165770345
1.0,1.0,1.0
1.0,1.0,0.790333947813896
1.0,1.0,1.0
1.0,1.0,1.0
1.0,1.0,0.8909297667018891
1.0,1.0,0.7932698037083085
1.0,1.0,1.0
1.0,1.0,0.8916592782187513
1.0,0.0,0.10784100860608466
1.0,1.0,1.0
1.0,1.0,0.6729546940734792
1.0,1.0,0.775169103495459
1.0,1.0,0.5671935474278862
1.0,1.0,0.786792186772205
1.0,1.0,0.889199617612158
1.0,1.0,0.8779538767110866
1.0,0.0,0.4493485295690432
1.0,1.0,1.0
1.0,0.0,0.22153562626895532
1.0,1.0,1.0
1.0,1.0,0.8039221377114203
1.0,1.0,1.0
1.0,1.0,0.8890487826755419
1.0,1.0,0.6789386905397641
1.0,1.0,1.0
1.0,1.0,0.8957640757396814
1.0,1.0,1.0
1.0,1.0,0.5398608486913801
1.0,1.0,1.0
1.0,1.0,0.8934031304377514
1.0,1.0,1.0
1.0,1.0,0.5475278963600513
1.0,1.0,1.0
1.0,1.0,0.8841831384906041
1.0,1.0,1.0
1.0,1.0,0.8644263730241567
1.0,1.0,0.7930399524516298
1.0,1.0,0.6583674673524814
1.0,1.0,1.0
1.0,1.0,0.5248354328926265
1.0,1.0,1.0
1.0,1.0,1.0
1.0,0.0,0.42749346813708866
1.0,1.0,0.5561985204181044
1.0,1.0,0.8799398233702609
1.0,1.0,0.6496089273163146
1.0,1.0,0.8832600391680264
1.0,1.0,1.0
1.0,1.0,0.7828664252409621
1.0,1.0,0.892336480223745
1.0,1.0,0.7420072279183243
1.0,1.0,0.7963956096901557
1.0,1.0,0.7781785843615185
1.0,0.0,0.3327456520435769
1.0,0.0,0.3122826002622859
1.0,1.0,0.8870905243624688
1.0,1.0,0.7942808592476063
1.0,0.0,0.4647725556950399
1.0,1.0,0.7789954961371692
1.0,1.0,0.6620858728179865
1.0,1.0,0.8863961949091177
1.0,1.0,1.0
1.0,1.0,0.8957683538303418
1.0,0.0,0.4631519908900431
1.0,1.0,0.6601603348429425
1.0,1.0,1.0
1.0,1.0,1.0
1.0,1.0,0.8892677536784216
1.0,1.0,0.8883993459518732
1.0,1.0,0.8763967636243404
1.0,1.0,0.6854670670904193
1.0,1.0,1.0
1.0,0.0,0.3328788465920675
1.0,1.0,0.7883571880915043
1.0,1.0,1.0
1.0,1.0,0.7741187599894814
1.0,1.0,0.7688037509833736
1.0,0.0,0.23273416329385135
1.0,1.0,1.0
1.0,1.0,0.8624974961569526
1.0,1.0,0.5737324314778015
1.0,0.0,0.46023959046727836
1.0,1.0,0.7863241640491992
1.0,1.0,1.0
1.0,1.0,0.7885540025178559
1.0,1.0,0.7578591675234151
1.0,1.0,0.8841714565152707
1.0,1.0,0.7746847994425257
1.0,1.0,0.8997546172742429
1.0,1.0,0.8896345939730043
1.0,1.0,0.7755365085607874
1.0,0.0,0.0
1.0,0.0,0.4803590473994325
1.0,1.0,0.9060680020926896
1.0,1.0,0.681819753398528
1.0,1.0,0.8687841305456678
1.0,1.0,0.7720680513806566
1.0,1.0,0.8825024894669483
1.0,1.0,0.7905215947016364
1.0,1.0,0.7791265197343061
1.0,1.0,0.6223422404201018
1.0,1.0,1.0
1.0,0.0,0.43155949332919824
1.0,0.0,0.42637760501467753
1.0,0.0,0.10802064944412822
1.0,0.0,0.44748458289766574
1.0,1.0,1.0
1.0,1.0,0.88889148396495
1.0,1.0,0.8913994784845646
1.0,0.0,0.21584348045257806
1.0,1.0,1.0
1.0,1.0,0.6651375105226249
1.0,1.0,0.9002095980390253
1.0,1.0,0.8944616748143999
1.0,1.0,0.7820488909333211
1.0,1.0,0.7828307272100952
1.0,1.0,0.8926465395318762
1.0,1.0,0.895039588917799
1.0,1.0,0.8901911993036615
1.0,1.0,1.0
1.0,1.0,0.799657606815964
1.0,1.0,1.0
1.0,1.0,1.0
1.0,1.0,0.8968354859236344
1.0,1.0,0.891023064176162
1.0,1.0,1.0
1.0,1.0,0.8776582079161361
1.0,1.0,0.6649002875997319
1.0,1.0,0.8787132014227262
1.0,1.0,0.6771751215424288
1.0,1.0,0.8879615657907045
1.0,1.0,0.8951221628771316
1.0,0.0,0.22066336648220486
1.0,1.0,1.0
1.0,1.0,0.7876468011104
1.0,1.0,0.8997346607406534
1.0,1.0,0.8979035740051158
1.0,1.0,1.0
1.0,1.0,1.0
1.0,0.0,0.23487033446137068
1.0,0.0,0.10701501711810156
1.0,1.0,0.6938738474591444
1.0,0.0,0.4488398615825869
1.0,1.0,1.0
1.0,1.0,0.5784877615338697
1.0,0.0,0.10453908255053472
1.0,1.0,1.0
1.0,1.0,0.805480705203286
1.0,1.0,1.0
1.0,1.0,0.7868116262527288
1.0,1.0,0.772839127862715
1.0,1.0,0.6610074661486464
1.0,1.0,0.8952697759709618
1.0,1.0,1.0
1.0,0.0,0.43407402348775037
1.0,1.0,0.8751712158491344
1.0,0.0,0.327148607246617
1.0,1.0,1.0
1.0,1.0,0.8958393023248832
1.0,1.0,0.5539223533535536
1.0,1.0,0.8920866575884312
1.0,1.0,0.894725980653319
1.0,1.0,0.78468941650544
1.0,1.0,0.7848834767865767
1.0,1.0,0.8889149413830812
1.0,1.0,0.7809931073079232
1.0,1.0,1.0
1.0,1.0,0.7632906219283636
1.0,1.0,1.0
1.0,0.0,0.435973334061839
1.0,1.0,0.5573793928678115
1.0,1.0,0.7837552022705778
1.0,1.0,1.0
1.0,1.0,1.0
1.0,1.0,1.0
1.0,0.0,0.0
1.0,1.0,1.0
1.0,1.0,0.8973901396623578
1.0,1.0,0.7580860819648092
1.0,1.0,0.6722443759923346
1.0,1.0,0.7638444137193474
1.0,1.0,0.7678362529554472
1.0,1.0,1.0
1.0,0.0,0.4255365620526066
1.0,1.0,0.5571342207807657
1.0,1.0,1.0
1.0,1.0,0.7741357274536337
1.0,1.0,0.8790020987432322
1.0,1.0,0.5876108406897221
1.0,0.0,0.2088179173518568
1.0,1.0,0.5651612570563023
1.0,1.0,0.5594561026797527
1.0,1.0,0.6357199913390522
1.0,1.0,0.783075652478479
1.0,0.0,0.4525165598437304
1.0,0.0,0.3342104164149533
1.0,0.0,0.2378631487590942
1.0,1.0,0.6704967363513142
1.0,1.0,0.8993920335704902
1.0,1.0,0.8618698310157178
1.0,1.0,0.782438287808484
1.0,1.0,1.0
1.0,1.0,0.9013973749062628
1.0,1.0,0.8911833624204877
1.0,1.0,0.6589839521811555
1.0,1.0,0.9002507162708859
1.0,1.0,0.563568722401628
1.0,1.0,1.0
1.0,1.0,0.8666792581137598
1.0,1.0,0.5682204524292499
1.0,1.0,0.6625744251307245
1.0,1.0,0.8978932838156537
1.0,1.0,0.8957212992558462
1.0,1.0,0.6729477048250178
1.0,1.0,0.892857146149067
1.0,1.0,0.6717651621607333
1.0,1.0,0.7728741996977999
1.0,0.0,0.45188803588229476
1.0,0.0,0.46414112923929
1.0,1.0,0.6634036766686924
1.0,1.0,0.8872926806662128
1.0,1.0,0.8925580128518971
1.0,1.0,0.8958321739115243
1.0,1.0,0.572160642738639
1.0,1.0,0.6513876354553624
1.0,1.0,0.8917526485567324
1.0,1.0,0.8912383788999259
1.0,1.0,0.6966877378747705
1.0,1.0,1.0
1.0,1.0,0.8926389874133949
1.0,1.0,0.9045569152076249
1.0,1.0,0.9006949519394019
1.0,1.0,0.8988438853352554
1.0,1.0,0.5639945052025813
1.0,1.0,0.7961332143913826
1.0,1.0,1.0
1.0,1.0,0.7763470847131073
1.0,1.0,0.5587700009256394
1.0,1.0,0.7780944730163823
1.0,1.0,0.7886833113709817
1.0,1.0,1.0
1.0,1.0,1.0
1.0,1.0,0.7914187105932756
1.0,1.0,0.8835720266377832
1.0,1.0,1.0
1.0,1.0,0.7796514148207311
1.0,1.0,1.0
1.0,1.0,0.7908408573119533
1.0,1.0,0.5627728913228166
1.0,0.0,0.4374574334035194
1.0,1.0,0.6773822366779514
1.0,1.0,1.0
1.0,1.0,0.8047408034761232
1.0,0.0,0.2255150346788474
1.0,1.0,0.6767645397143908
1.0,1.0,0.776761435044365
1.0,1.0,0.8862005422023879
1.0,1.0,0.5378781687184543
1.0,1.0,0.9001344918953311
1.0,1.0,0.8984059852757763
1.0,1.0,0.8901682951037723
1.0,1.0,1.0
1.0,1.0,0.9070524619732884
1.0,1.0,0.6644221776163339
1.0,1.0,0.8682228335360406
1.0,1.0,0.8886792016264293
1.0,0.0,0.2863350776611316
1.0,0.0,0.4337482589264755
1.0,1.0,0.5692424706691175
1.0,1.0,0.8864367799440658
1.0,1.0,0.8896136587059702
1.0,1.0,0.8885878902855685
1.0,1.0,0.5482417026451265
1.0,0.0,0.330429291876955
1.0,1.0,0.7789239723843797
1.0,1.0,0.8967972346369458
1.0,1.0,0.5695834466602933
1.0,0.0,0.45892764098157124
1.0,1.0,0.6803677540698947
1.0,1.0,0.7859897632222548
1.0,1.0,1.0
1.0,1.0,0.7793191055394741
1.0,0.0,0.43291429477334004
1.0,1.0,0.6865028388408019
1.0,1.0,1.0
1.0,1.0,0.6619606050966427
1.0,1.0,0.7890074519213506
1.0,1.0,1.0
1.0,1.0,0.7833259333111384
1.0,1.0,1.0
1.0,1.0,0.9005865622524346
1.0,1.0,0.8860419009620488
1.0,1.0,1.0
1.0,1.0,0.7600636245533314
1.0,0.0,0.2155564202063442
1.0,1.0,0.8855784285536836
1.0,0.0,0.3394125732225283
1.0,1.0,0.6746074527517846
1.0,0.0,0.21158426018123672
1.0,1.0,0.7970185328619281
1.0,1.0,0.7751777846665471
1.0,1.0,1.0
1.0,0.0,0.4550059637641051
1.0,1.0,0.767759600174671
1.0,1.0,1.0
1.0,1.0,0.6660080002086475
1.0,1.0,0.9025912284726896
1.0,1.0,1.0
1.0,1.0,0.7877541714085607
1.0,1.0,1.0
1.0,1.0,0.6733203340673952
1.0,0.0,0.34607977456188294
1.0,1.0,0.5155020429972744
1.0,1.0,0.5659586080527679
1.0,1.0,0.8942755029179579
1.0,1.0,1.0
1.0,1.0,0.5653694234421639
1.0,1.0,0.5499467627229222
1.0,1.0,0.644559820005964
1.0,1.0,0.7826667084984775
1.0,0.0,0.33812846830005133
1.0,1.0,0.6671966521214653
1.0,1.0,0.8859614692470779
1.0,1.0,0.6699179062118746
1.0,1.0,1.0
1.0,0.0,0.342389457372906
1.0,1.0,0.6491208945367719
1.0,1.0,1.0
1.0,1.0,0.6677081441572511
1.0,1.0,0.5576524600581355
1.0,1.0,0.6608236678057963
1.0,1.0,0.6686595114041775
1.0,1.0,0.8970418280358694
1.0,1.0,0.8930334757960903
1.0,1.0,1.0
1.0,0.0,0.4491633284054691
1.0,1.0,0.8957131200344083
1.0,1.0,0.8953759650015997
1.0,1.0,0.8899009024232171
1.0,1.0,0.5590626493812392
1.0,1.0,0.8943041099384751
1.0,1.0,1.0
1.0,0.0,0.46502832212494716
1.0,0.0,0.448242432694799
1.0,1.0,1.0
1.0,0.0,0.3121611580108519
1.0,1.0,0.6565255247249586
1.0,1.0,0.6275296083495813
1.0,1.0,0.8949944610200165
1.0,1.0,0.7713840081408287
1.0,1.0,0.8966058523243247
1.0,1.0,0.8902350055018701
1.0,1.0,0.556305785130445
1.0,1.0,0.8995200390536151
1.0,1.0,0.7484027224160578
1.0,0.0,0.22656856632060737
1.0,1.0,0.6601774388087697
1.0,1.0,0.6592857473337693
1.0,1.0,1.0
1.0,1.0,1.0
1.0,1.0,1.0
1.0,1.0,1.0
1.0,1.0,0.6602262987845459
1.0,0.0,0.43437114796087933
1.0,1.0,0.6585110748719077
1.0,1.0,0.8975951237729429
1.0,1.0,0.7739137110118035
1.0,1.0,0.8860924534212672
1.0,1.0,0.892152203018408
1.0,1.0,0.7808489743894577
1.0,1.0,0.6700774470431764
1.0,1.0,1.0
1.0,1.0,0.558734004753381
1.0,1.0,1.0
1.0,1.0,0.5578207007121283
1.0,1.0,0.7698359878750645
1.0,1.0,1.0
1.0,1.0,0.8936421545369537
1.0,1.0,0.7598274713185299
1.0,1.0,1.0
1.0,1.0,0.7904833863722157
1.0,1.0,1.0
1.0,1.0,0.7467529965881718
1.0,0.0,0.23288701219074912
1.0,1.0,0.7741865177660646
1.0,1.0,1.0
1.0,1.0,0.6704392442290564
1.0,0.0,0.33174351627025905
1.0,1.0,0.8967507955618083
1.0,1.0,0.765783694146905
1.0,0.0,0.17071221338799572
1.0,0.0,0.10893408949737315
1.0,1.0,1.0
1.0,1.0,0.6901522879803202
1.0,1.0,0.868372797103438
1.0,1.0,0.5621313418395844
1.0,1.0,0.6539637630611488
1.0,1.0,0.895144965179003
1.0,0.0,0.33268828014775775
1.0,1.0,1.0
1.0,1.0,0.8911929055722531
1.0,1.0,0.8907467100842466
1.0,1.0,0.9009666253038531
1.0,1.0,0.5550551218062265
1.0,1.0,0.6557235991090191
1.0,1.0,1.0
1.0,1.0,0.54648144053492
1.0,1.0,0.8906308563155623
1.0,1.0,0.557600128283354
1.0,1.0,0.6661520085927213
1.0,1.0,0.8900615118401944
1.0,1.0,0.7457273239393367
1.0,1.0,0.6844680144006275
1.0,0.0,0.3125700988146712
1.0,0.0,0.4753937094144764
1.0,1.0,0.7807807716643947
1.0,1.0,0.7783768159617055
1.0,1.0,0.6752342986520321
1.0,1.0,0.8887403695568804
1.0,1.0,0.7917527757769298
1.0,1.0,0.7777532460508797
1.0,1.0,0.8861603826133096
1.0,1.0,0.7731024592919737
1.0,1.0,0.6890149207936221
1.0,1.0,0.7759323437515464
1.0,1.0,1.0
1.0,1.0,0.7560128396227799
1.0,1.0,0.6769058463970555
1.0,1.0,1.0
1.0,0.0,0.44756326904939825
1.0,1.0,0.8973655340352364
1.0,0.0,0.31670058010651736
1.0,1.0,1.0
1.0,1.0,0.6204529792810806
1.0,1.0,1.0
1.0,1.0,1.0
1.0,1.0,0.5390534763516844
1.0,1.0,0.7854235076770407
1.0,1.0,1.0
1.0,1.0,0.7613253471697008
1.0,0.0,0.10635508696895792
1.0,1.0,0.6754087187023188
1.0,1.0,0.7824629164967228
1.0,1.0,0.6599438876726118
1.0,1.0,1.0
1.0,1.0,0.5282947531952763
1.0,1.0,0.9042053089599408
1.0,1.0,0.7950670670706595
1.0,1.0,0.8976909152899801
1.0,0.0,0.4387519516347278
1.0,1.0,0.6533459923849163
1.0,1.0,0.5614673888888859
1.0,1.0,0.7693211946813772
1.0,1.0,0.7857472191507874
1.0,1.0,0.5560550180812066
1.0,1.0,0.6309848053179975
1.0,1.0,1.0
1.0,1.0,1.0
1.0,1.0,0.6586990845159054
1.0,0.0,0.41802693346028513
1.0,0.0,0.4353332940085683
1.0,1.0,0.785113004206651
1.0,1.0,1.0
1.0,1.0,0.558196968799247
1.0,1.0,0.5537959504052398
1.0,1.0,1.0
1.0,0.0,0.32996741863230783
1.0,1.0,1.0
1.0,1.0,0.6731043585208925
1.0,1.0,0.6600745109545199
1.0,1.0,0.8865073248165127
1.0,1.0,0.7689166363537191
1.0,1.0,0.8081804046993764
1.0,1.0,0.6855994679406948
1.0,0.0,0.4419732155405593
1.0,1.0,0.8902815555682446
1.0,1.0,0.7819168783607449
1.0,1.0,0.8957453152607715
1.0,0.0,0.44691704249657527
1.0,1.0,0.6622281320052652
1.0,1.0,0.5464368267379969
1.0,1.0,1.0
1.0,0.0,0.3217052308384861
1.0,1.0,1.0
1.0,1.0,0.8985719248125382
1.0,0.0,0.4224855804132304
1.0,0.0,0.46744888207943336
1.0,1.0,0.7874393804063413
1.0,1.0,0.8901176251048973
1.0,0.0,0.44103322923781574
1.0,1.0,0.891407578580828
1.0,0.0,0.46574678847191925
1.0,1.0,0.8962604114188001
1.0,1.0,0.7811730806241581
1.0,1.0,1.0
1.0,1.0,0.5445906219195151
1.0,1.0,1.0
1.0,1.0,0.5432625791676738
1.0,1.0,0.8905222682968994
1.0,1.0,0.8900115132788322
1.0,1.0,0.8978834714593795
1.0,1.0,0.8870086918786659
1.0,1.0,0.8951158048432577
1.0,1.0,1.0
1.0,1.0,0.8844242861825518
1.0,1.0,0.5813360303456496
1.0,1.0,0.6691372365583727
1.0,1.0,1.0
1.0,1.0,0.6830498718485406
1.0,0.0,0.4368646762925042
1.0,1.0,0.5332858729908481
1.0,1.0,1.0
1.0,1.0,0.8907386799139665
1.0,0.0,0.35560940657744383
1.0,1.0,1.0
1.0,1.0,1.0
1.0,1.0,0.6736444051334539
1.0,1.0,0.6737577219368408
1.0,1.0,1.0
1.0,1.0,0.6714003047912502
1.0,0.0,0.440336316720826
1.0,0.0,0.44189557548090164
1.0,0.0,0.25039884428904446
1.0,0.0,0.22756780590656672
1.0,0.0,0.44346116411576264
1.0,1.0,0.5471322870248331
1.0,1.0,0.7856470383663224
1.0,0.0,0.2202082242894595
1.0,1.0,0.7830911485231714
1.0,1.0,0.6685331403760059
1.0,1.0,0.8919277008593344
1.0,1.0,1.0
1.0,1.0,0.7826366384367854
1.0,1.0,0.7748950406156945
1.0,1.0,0.6919476413566827
1.0,1.0,0.8951697986969906
1.0,0.0,0.43437820056293985
1.0,1.0,0.5671061250288607
1.0,1.0,0.5439876888012363
1.0,1.0,0.7875428136064803
1.0,1.0,1.0
1.0,0.0,0.45520667599021425
1.0,1.0,0.6514302115545596
1.0,1.0,0.5545759439307306
1.0,1.0,0.5647896621905519
1.0,1.0,0.5537068487958116
1.0,1.0,0.7869595501387384
1.0,1.0,1.0
1.0,0.0,0.45847024202593456
1.0,1.0,0.727402068209662
1.0,1.0,0.6752263264898338
1.0,0.0,0.4675492149307231
1.0,1.0,1.0
1.0,0.0,0.4363362024934825
1.0,1.0,1.0
1.0,0.0,0.2419344802074193
1.0,1.0,1.0
1.0,1.0,0.898543420042239
1.0,0.0,0.21087236112472232
1.0,1.0,0.5518581335879339
1.0,1.0,0.7885807976654503
1.0,1.0,0.5886721665773642
1.0,1.0,0.8952217435927677
1.0,1.0,1.0
1.0,1.0,0.7907561689002577
1.0,1.0,0.6606354610005574
1.0,1.0,0.5373420750844363
1.0,1.0,0.9030359925954369
1.0,1.0,0.7868638671878814
1.0,1.0,1.0
1.0,1.0,0.8870961846618107
1.0,1.0,0.8997876939978504
1.0,1.0,0.7229371329282211
1.0,1.0,0.6713363912264896
1.0,1.0,0.9002239243552999
1.0,1.0,0.5747171114550411
1.0,0.0,0.45701443080935616
1.0,0.0,0.33586600628521546
1.0,1.0,1.0
1.0,0.0,0.3487126615071649
1.0,0.0,0.43608733552290757
1.0,1.0,0.8858877301425917
1.0,1.0,1.0
1.0,1.0,0.7846983365764726
1.0,1.0,1.0
1.0,1.0,1.0
1.0,0.0,0.23499684946468555
1.0,1.0,0.7788893166404814
1.0,1.0,0.7728622266809992
1.0,1.0,0.6952814831164777
1.0,1.0,0.7589080068329125
1.0,1.0,0.9023085002627135
1.0,1.0,0.6458539631494526
1.0,1.0,0.7865256530285833
1.0,0.0,0.4973396720204697
1.0,1.0,0.9005168545799902
1.0,1.0,0.5576973838827619
1.0,1.0,0.8875415415669964
1.0,0.0,0.321513846747643
1.0,1.0,0.8959298317865155
1.0,1.0,0.8921332777813127
1.0,0.0,0.4330304357490698
1.0,1.0,0.7607896942521934
1.0,1.0,0.6889436522034768
1.0,1.0,0.8870396381940443
1.0,1.0,1.0
1.0,1.0,0.6713568864303077
1.0,1.0,0.6679728048416298
1.0,0.0,0.2230010408218926
1.0,1.0,0.8854975332805542
1.0,1.0,0.7770604341369404
1.0,1.0,0.5497925511657241
1.0,0.0,0.3353052949463739
1.0,0.0,0.4394293876405013
1.0,1.0,0.7975899254813107
1.0,1.0,0.5626926124602758
1.0,1.0,0.6684320954978745
1.0,1.0,0.779394846188302
1.0,1.0,0.5696269000184676
1.0,1.0,1.0
1.0,0.0,0.4489535172908685
1.0,1.0,0.890224375122931
1.0,0.0,0.0
1.0,1.0,1.0
1.0,1.0,0.7821856653500306
1.0,0.0,0.45234311522346365
1.0,1.0,0.7401490952019086
1.0,1.0,0.7868224252332389
1.0,0.0,0.22098813555205443
1.0,1.0,0.7794234368612721
1.0,1.0,0.6605461048111537
1.0,1.0,0.788680832604579
1.0,1.0,0.869283347051359
1.0,1.0,0.7823784754668309
1.0,0.0,0.4123297713905527
1.0,0.0,0.4444098690650187
1.0,1.0,0.9025184386900489
1.0,1.0,0.7640267954914522
1.0,1.0,0.5610235132324536
1.0,1.0,0.778539101042039
1.0,1.0,0.9023429645590318
1.0,1.0,0.8851454760587846
1.0,1.0,0.6824152001158108
1.0,1.0,1.0
1.0,1.0,0.7835184145235023
1.0,1.0,0.6848442491152584
1.0,1.0,0.7798850476827915
1.0,0.0,0.43813788300029644
1.0,1.0,1.0
1.0,1.0,0.6651691788661775
1.0,0.0,0.4277095630201261
1.0,1.0,0.8900547964864223
1.0,0.0,0.0
1.0,1.0,0.8936380011078549
1.0,1.0,0.78229004437188
1.0,0.0,0.44600186429553823
1.0,1.0,0.7911720940262704
1.0,1.0,0.7727209341296399
1.0,1.0,0.7670973946223859
1.0,0.0,0.32462920771258286
1.0,0.0,0.4558886672030177
1.0,0.0,0.49181508626300185
1.0,1.0,1.0
1.0,1.0,0.7631386882888039
1.0,0.0,0.3138307356956484
1.0,1.0,0.5412679568869648
1.0,1.0,0.7965259193067864
1.0,1.0,0.7846474835888715
1.0,1.0,1.0
1.0,1.0,0.5597297638831377
1.0,1.0,0.8971402419086669
1.0,1.0,0.8889640943663097
1.0,1.0,0.8792639439726879
1.0,0.0,0.12201466295092672
1.0,1.0,0.6641520638648869
1.0,0.0,0.0
1.0,1.0,0.8900174952779719
1.0,1.0,0.5786955880743196
1.0,1.0,0.6717729357279516
1.0,0.0,0.33146805374858024
1.0,0.0,0.3479433183638012
1.0,0.0,0.3357176398958288
1.0,1.0,0.903554902902565
1.0,1.0,1.0
1.0,1.0,0.8849308782136284
1.0,0.0,0.3309965565717621
1.0,1.0,0.8888846545436542
1.0,0.0,0.4498056788266113
1.0,1.0,0.650682936171416
1.0,1.0,0.8854654208657695
1.0,1.0,0.8933297235504961
1.0,0.0,0.20572566592596134
1.0,1.0,0.8938613717950215
1.0,0.0,0.3330944171594
1.0,1.0,0.8857027058328242
1.0,1.0,1.0
1.0,1.0,1.0
1.0,1.0,0.7855349558832332
1.0,0.0,0.4718426703028373
1.0,0.0,0.10731534947459714
1.0,1.0,0.549760452971599
1.0,1.0,0.7742623175812536
1.0,1.0,1.0
1.0,0.0,0.31847693551653183
1.0,0.0,0.34021038683554783
1.0,1.0,0.7561444691335713
1.0,1.0,0.7890806613829411
1.0,1.0,0.7886686238133573
1.0,1.0,1.0
1.0,1.0,0.8946041466664202
1.0,1.0,0.8865295517001724
1.0,1.0,1.0
1.0,1.0,0.6835736659797106
1.0,1.0,0.6637989155069487
1.0,1.0,0.7789575888220642
1.0,1.0,0.7741443448938484
1.0,1.0,0.8978660110724617
1.0,1.0,1.0
1.0,1.0,0.8915791618832029
1.0,1.0,0.8797206582289967
1.0,1.0,0.7754829819859297
1.0,1.0,0.5876308414344488
1.0,1.0,1.0
1.0,1.0,0.5454507238205306
1.0,1.0,1.0
1.0,1.0,0.6757659653754613
1.0,1.0,0.5783220510029569
1.0,1.0,1.0
1.0,1.0,0.6645091566335547
1.0,1.0,0.8838816726532607
1.0,1.0,1.0
1.0,1.0,0.775551219915211
1.0,0.0,0.3314645833355482
1.0,1.0,0.900627299123636
1.0,1.0,1.0
1.0,0.0,0.43244572518611807
1.0,1.0,0.5647482401414049
1.0,1.0,0.8932253494197395
1.0,1.0,0.893542669434936
1.0,1.0,0.5574194132026598
1.0,0.0,0.44911342719126396
1.0,1.0,0.7911809193242297
1.0,1.0,0.7782351826727242
1.0,1.0,0.656712623174187
1.0,1.0,1.0
1.0,1.0,0.7780455789728368
1.0,1.0,1.0
1.0,1.0,0.6683335091089108
1.0,1.0,0.7855406221764332
1.0,1.0,0.8843462952935194
1.0,1.0,0.5565736583485473
1.0,1.0,0.6715121162018143
1.0,1.0,0.6620599180794174
1.0,1.0,0.8923888980559677
1.0,1.0,1.0
1.0,1.0,0.6680031881202755
1.0,1.0,0.8880308466068715
1.0,1.0,0.8995905216932267
1.0,1.0,0.7207034681154612
1.0,1.0,1.0
1.0,1.0,0.8952065902990844
1.0,1.0,0.6516935523171581
1.0,1.0,0.8975680448195196
1.0,0.0,0.44446806982179743
1.0,1.0,0.8527043503851097
1.0,0.0,0.44894404577166214
1.0,1.0,0.7762289793256889
1.0,0.0,0.3414591612623241
1.0,1.0,0.6846174135077743
1.0,1.0,0.7885869079042267
1.0,0.0,0.3769608642193544
1.0,1.0,0.8984905913065206
1.0,0.0,0.21854679099430285
1.0,1.0,0.887581877073693
1.0,1.0,0.8883834059497914
1.0,0.0,0.10712854660899093
1.0,1.0,0.7855624733348541
1.0,1.0,0.7985916117990826
1.0,0.0,0.23820280276553696
1.0,1.0,0.7874100100698953
1.0,0.0,0.4522866543106658
1.0,1.0,0.8910272636648718
1.0,0.0,0.21925209163980694
1.0,1.0,0.7838592663848232
1.0,1.0,0.6608222277591156
1.0,1.0,0.6747242567719965
1.0,1.0,0.6528591755224866
1.0,1.0,0.7836354997360845
1.0,1.0,1.0
1.0,1.0,0.8845647866947688
1.0,1.0,0.9056498507037299
1.0,1.0,0.7709676973662185
1.0,0.0,0.31754107382393626
1.0,0.0,0.10721582728355378
1.0,1.0,0.8848330141531408
1.0,1.0,0.7431808455848354
1.0,1.0,0.6594730252701785
1.0,1.0,0.9025728883067373
1.0,1.0,1.0
1.0,1.0,0.8945825345871684
1.0,1.0,1.0
1.0,1.0,0.5621712949716312
1.0,1.0,0.8954652240888635
1.0,1.0,0.7749577022548384
1.0,1.0,0.5529005029560954
1.0,1.0,0.8843573958081072
1.0,1.0,0.7735971496502015
1.0,1.0,0.6821300380429863
1.0,1.0,0.5519163032966826
1.0,1.0,0.7799546188179094
1.0,1.0,0.7870186770149941
1.0,0.0,0.47549113208030436
1.0,1.0,0.6672937238887702
1.0,1.0,0.6675331499154173
1.0,1.0,0.8945309646521457
1.0,1.0,0.8922046477086901
1.0,1.0,0.7912603686403284
1.0,1.0,0.8864742913273901
1.0,1.0,0.8951825354722622
1.0,1.0,0.5582133932946736
1.0,1.0,0.6639392346465778
1.0,1.0,0.5733280816818586
1.0,1.0,0.6689231747976241
1.0,1.0,0.9024264785329388
1.0,1.0,0.6655337517748451
1.0,1.0,0.6774876994603563
1.0,1.0,0.5621469325546498
1.0,1.0,0.7898403510667015
1.0,1.0,0.8785056816462035
1.0,0.0,0.4427533128164981
1.0,1.0,0.5692898906990548
1.0,1.0,1.0
1.0,1.0,0.5193004709683288
1.0,1.0,0.6933165046074004
1.0,1.0,0.5558183395345871
1.0,0.0,0.4485829192445675
1.0,1.0,0.9059727044483811
1.0,1.0,0.8398324879484056
1.0,1.0,1.0
1.0,1.0,1.0
1.0,1.0,0.7861228758104255
1.0,1.0,0.8800441418938568
1.0,1.0,0.8973627791975856
1.0,1.0,0.8961633054239885
1.0,1.0,0.8962242781156573
1.0,1.0,0.6803155164899231
1.0,1.0,0.8916127177496724
1.0,1.0,0.6645742170072377
1.0,1.0,0.8892815820188691
1.0,1.0,0.6960216697394322
1.0,1.0,1.0
1.0,1.0,1.0
1.0,1.0,0.5732275175403534
1.0,1.0,1.0
1.0,1.0,1.0
1.0,1.0,0.8999323510690825
1.0,1.0,1.0
1.0,1.0,0.6622560847418888
1.0,0.0,0.09900960143819704
1.0,1.0,0.5671138733621311
1.0,0.0,0.32649474182894983
1.0,1.0,0.5645229264537107
1.0,1.0,1.0
1.0,0.0,0.35777912638756404
1.0,1.0,0.6436605208155602
1.0,0.0,0.4384326102386196
1.0,0.0,0.3042542884959347
1.0,1.0,0.64858701953453
1.0,1.0,0.896048136565741
1.0,0.0,0.44214262499686435
1.0,1.0,0.7835716474639198
1.0,1.0,0.796642951196004
1.0,0.0,0.21817739311914494
1.0,1.0,0.7902681153056946
1.0,0.0,0.48852759930601103
1.0,1.0,0.7813066897528869
1.0,1.0,1.0
1.0,1.0,0.8905518276700373
1.0,0.0,0.45677979164426136
1.0,1.0,0.7676047257696114
1.0,0.0,0.10693218174617064
1.0,1.0,0.7714613935735807
1.0,0.0,0.3404894747224369
1.0,0.0,0.23962067831908287
1.0,0.0,0.4413138075970934
1.0,1.0,0.5641367495497156
1.0,1.0,0.6873932505336332
1.0,1.0,1.0
1.0,1.0,1.0
1.0,1.0,0.7928062787744617
1.0,1.0,0.56980549337983
1.0,1.0,0.7807026067268086
1.0,1.0,0.557875460077916
1.0,1.0,0.5068522856417782
1.0,0.0,0.4534551901234253
1.0,1.0,0.6772152825637567
1.0,1.0,0.5651559085215708
1.0,1.0,0.7873574686527461
1.0,1.0,0.6309865201805923
1.0,0.0,0.30143797662433447
1.0,1.0,0.758357909321006
1.0,1.0,0.7762408595772828
1.0,0.0,0.21228404795674605
1.0,1.0,0.8810935124335064
1.0,1.0,0.5452519523528578
1.0,1.0,0.7942260793759928
1.0,1.0,0.7845021452248936
1.0,1.0,0.5429253269459885
1.0,1.0,0.8919911274953818
1.0,1.0,0.5563934700246417
1.0,1.0,0.6680380447954083
1.0,1.0,0.8940161959798993
1.0,0.0,0.4485159400959528
1.0,1.0,0.7586429562116652
1.0,1.0,0.6801498248360659
1.0,1.0,0.5601282365819042
1.0,1.0,0.8976839579621029
1.0,1.0,0.5549925831287752
1.0,1.0,0.5508725293855821
1.0,1.0,0.7835113991655808
1.0,0.0,0.46037428328129226
1.0,0.0,0.2110223086447509
1.0,1.0,0.557326025539523
1.0,1.0,0.6510417753126966
1.0,1.0,0.5591153115682249
1.0,1.0,0.8824323532522587
1.0,1.0,0.5849650071407236
1.0,1.0,0.6668105483005989
1.0,1.0,0.7858627125087677
1.0,1.0,0.6628685229169938
1.0,1.0,0.8825014430527578
1.0,1.0,1.0
1.0,1.0,0.7345096909651698
1.0,1.0,1.0
1.0,1.0,1.0
1.0,1.0,0.6503602608610358
1.0,1.0,1.0
1.0,0.0,0.44192477084023457
1.0,1.0,0.7814767913352226
1.0,1.0,0.8952665625072234
1.0,1.0,0.8923436249519212
1.0,1.0,0.6800521937631422
1.0,1.0,0.8951732657246647
1.0,1.0,1.0
1.0,1.0,0.7659263132167259
1.0,1.0,0.8879441019552468
1.0,1.0,0.781115739167194
1.0,0.0,0.22385810878517706
1.0,1.0,0.7865366248126483
1.0,1.0,0.8902641530158701
1.0,1.0,0.8852140149370933
1.0,1.0,0.8975595697057771
1.0,1.0,0.8706215815990863
1.0,1.0,0.7889953876731007
1.0,1.0,0.7816637196600732
1.0,1.0,0.7965260072020974
1.0,1.0,0.8995194424884843
1.0,1.0,0.8963415700489544
1.0,1.0,0.8923862258365711
1.0,1.0,0.6538253724525873
1.0,1.0,0.8944233101925055
1.0,1.0,0.5534472844117413
1.0,1.0,1.0
1.0,1.0,0.5520229889558711
1.0,1.0,1.0
1.0,0.0,0.41622786828835173
1.0,0.0,0.3292805395386143
1.0,0.0,0.330126783109999
1.0,0.0,0.22934198145582477
1.0,1.0,0.8843282871066581
1.0,0.0,0.3254724453191661
1.0,1.0,1.0
1.0,0.0,0.36047895380709644
1.0,1.0,0.5819148251412412
1.0,1.0,0.8832189282279718
1.0,1.0,0.8998113670532892
1.0,1.0,0.6672591433282861
1.0,0.0,0.3246814603826824
1.0,1.0,0.7776660137457847
1.0,1.0,1.0
1.0,1.0,0.7701625506725002
1.0,1.0,0.7597431477244657
1.0,0.0,0.20971470363135583
1.0,1.0,0.7400797095755298
1.0,1.0,0.679436276147714
1.0,1.0,0.875498638702865
1.0,1.0,0.8957559145241543
1.0,1.0,0.7869536386280155
1.0,1.0,1.0
1.0,1.0,0.6674248562957986
1.0,1.0,1.0
1.0,1.0,0.6618794233775891
1.0,1.0,0.7816186036543271
1.0,1.0,0.7793482247206049
1.0,1.0,1.0
1.0,1.0,0.5530581076456932
1.0,1.0,0.8927950719591043
1.0,1.0,0.6820552224564642
1.0,0.0,0.32938747022938936
1.0,1.0,0.8954473171991294
1.0,0.0,0.476015235013496
1.0,1.0,0.698622939692312
1.0,0.0,0.0
1.0,1.0,0.570244658292261
1.0,1.0,0.5608992328955498
1.0,1.0,0.6668302074278262
1.0,1.0,0.6908049476117715
1.0,1.0,0.7986691248669813
1.0,1.0,1.0
1.0,1.0,0.7743673800678105
1.0,1.0,0.9057322545090218
1.0,1.0,0.885076833134399
1.0,1.0,0.9003349018987375
1.0,0.0,0.4175272235933928
1.0,1.0,0.8893792582468913
1.0,1.0,1.0
1.0,1.0,0.780713802421848
1.0,1.0,0.7036087780255277
1.0,0.0,0.10757332745970684
1.0,0.0,0.0
1.0,1.0,0.5453802402084321
1.0,1.0,0.8878455930676699
1.0,1.0,0.8054774525174418
1.0,0.0,0.4431677378416483
1.0,0.0,0.4403503612231257
1.0,1.0,0.6660964388596727
1.0,1.0,0.8941765561765627
1.0,0.0,0.11832284584384613
1.0,1.0,0.5446123037762325
1.0,0.0,0.42979561278686496
1.0,0.0,0.10580618455666155
1.0,1.0,0.7625348949184501
1.0,1.0,1.0
1.0,1.0,0.6631558714184826
1.0,0.0,0.10532386556719342
1.0,1.0,0.7798761562453632
1.0,1.0,0.5555829604538548
1.0,0.0,0.22934189166518165
1.0,1.0,0.8887009913994974
1.0,1.0,1.0
1.0,1.0,0.6667615736814021
1.0,0.0,0.30644497858844416
1.0,0.0,0.22861992730094685
1.0,0.0,0.4326014840502778
1.0,1.0,0.6348269170884938
1.0,1.0,0.9015543052059579
1.0,0.0,0.22081601130919293
1.0,1.0,1.0
1.0,1.0,0.6654737849426972
1.0,0.0,0.4642542754941268
1.0,1.0,0.6748711021402344
1.0,1.0,0.8974061779574296
1.0,1.0,0.7747144892234794
1.0,1.0,0.6774578054236398
1.0,1.0,0.7806193822808819
1.0,1.0,0.6774475737648642
1.0,1.0,0.8944737195859959
1.0,1.0,0.7804502805630567
1.0,1.0,1.0
1.0,0.0,0.4658655958125859
1.0,1.0,0.6817300810454633
1.0,0.0,0.4377393264358531
1.0,1.0,1.0
1.0,0.0,0.4613962066282167
1.0,1.0,0.882417688467133
1.0,0.0,0.3554802134756313
1.0,1.0,0.7859387817208922
1.0,1.0,1.0
1.0,0.0,0.4541848691065069
1.0,1.0,0.6825377547495389
1.0,1.0,0.6701715600442906
1.0,0.0,0.21761305959361255
1.0,0.0,0.31617167725571876
1.0,1.0,1.0
1.0,1.0,1.0
1.0,1.0,0.584640663843631
1.0,1.0,0.8861535195128956
1.0,1.0,0.6602155371069
1.0,0.0,0.47491594818217203
1.0,0.0,0.3186329169481358
1.0,1.0,1.0
1.0,1.0,1.0
1.0,0.0,0.45316859488156186
1.0,0.0,0.4709960587160641
1.0,0.0,0.2360248201401764
1.0,1.0,0.7635133259863864
1.0,1.0,0.7906012365331504
1.0,1.0,0.6541901896597302
1.0,1.0,0.7834260108526577
1.0,1.0,0.768619668984623
1.0,1.0,0.699638884748213
1.0,1.0,0.8972323141152887
1.0,1.0,0.6902142230338104
1.0,0.0,0.21697202630124432
1.0,1.0,0.8948868216737249
1.0,1.0,0.8864620438162686
1.0,1.0,1.0
1.0,1.0,0.5596122046437773
1.0,1.0,0.5590379798226504
1.0,1.0,0.6828771062374386
1.0,1.0,0.7837371607800514
1.0,0.0,0.22037053099388415
1.0,1.0,0.6844539425507846
1.0,0.0,0.43688118152783467
1.0,1.0,0.7683741969815371
1.0,1.0,0.7606531118599759
1.0,1.0,0.5674878730866065
1.0,1.0,0.7892899937974907
1.0,1.0,0.8827832216686129
1.0,1.0,0.675417487317771
1.0,1.0,0.672076107273325
1.0,1.0,0.8889273729048308
1.0,1.0,1.0
1.0,1.0,0.567540547091383
1.0,1.0,0.6697232472599631
1.0,0.0,0.20600098617095194
1.0,1.0,0.6774809737694316
1.0,1.0,0.760190052593275
0.0,0.0,0.22465948697928498
0.0,0.0,0.0
0.0,0.0,0.3300248430296986
0.0,1.0,0.8860641290805232
0.0,1.0,0.5534044056311862
0.0,1.0,0.7847138906240612
0.0,1.0,0.5563327657287436
0.0,0.0,0.4412600760856303
0.0,1.0,0.8685064136163376
0.0,0.0,0.21857464616809952
0.0,0.0,0.44833914507292727
0.0,0.0,0.43415734123810495
0.0,0.0,0.22958667732888074
0.0,1.0,0.6797268646035091
0.0,0.0,0.0
0.0,0.0,0.1296606555078666
0.0,0.0,0.24942528535371294
0.0,1.0,0.7765851506651231
0.0,0.0,0.11226937142064179
0.0,1.0,0.5500973348161988
0.0,1.0,0.5505842147830265
0.0,0.0,0.10026189578452298
0.0,0.0,0.1150741497046236
0.0,1.0,0.5676820633591468
0.0,0.0,0.09727872166687809
0.0,1.0,0.8874203803027901
0.0,0.0,0.10405447841663219
0.0,0.0,0.22191924859861686
0.0,1.0,0.5476177757563201
0.0,0.0,0.44688825982467356
0.0,0.0,0.3223108615440964
0.0,1.0,0.6837775933368853
0.0,0.0,0.326492226342784
0.0,0.0,0.4399784576064844
0.0,0.0,0.21865268705478505
0.0,0.0,0.455069588076268
0.0,1.0,0.5801366336958362
0.0,0.0,0.3486783479964997
0.0,0.0,0.10721580599401197
0.0,0.0,0.32690661110144187
0.0,0.0,0.21844637137355358
0.0,0.0,0.11441993143384996
0.0,1.0,0.6720109024236964
0.0,0.0,0.0
0.0,1.0,0.898020831316439
0.0,1.0,0.7509084243761455
0.0,0.0,0.11338438521931041
0.0,0.0,0.10569128872356565
0.0,0.0,0.12159342253399934
0.0,0.0,0.3497656949350818
0.0,1.0,0.7748956755282718
0.0,1.0,0.788187274718381
0.0,1.0,0.6507656157829379
0.0,0.0,0.339684330966656
0.0,0.0,0.11949205595093508
0.0,1.0,0.8903809513669098
0.0,0.0,0.10446181031605324
0.0,0.0,0.22090995446271436
0.0,1.0,0.7865130632199873
0.0,0.0,0.22849050318412012
0.0,1.0,0.8953756641389784
0.0,1.0,0.6659972275590771
0.0,0.0,0.10710484112292756
0.0,0.0,0.0
0.0,0.0,0.0
0.0,0.0,0.0
0.0,0.0,0.10296426415075241
0.0,0.0,0.36643856289073995
0.0,0.0,0.2275818106201542
0.0,0.0,0.32082089626907323
0.0,1.0,0.5561191289163979
0.0,0.0,0.0
0.0,0.0,0.23782351600615836
0.0,0.0,0.0
0.0,0.0,0.22976679168991165
0.0,0.0,0.22974707860559127
0.0,0.0,0.4378336592629529
0.0,0.0,0.23818265254252702
0.0,0.0,0.4437836599927431
0.0,0.0,0.2197471322131033
0.0,0.0,0.0
0.0,0.0,0.22214011223786287
0.0,1.0,0.9495918920818494
0.0,1.0,0.8914688937986743
0.0,0.0,0.4391285586300964
0.0,0.0,0.4471061105021521
0.0,1.0,0.5658907162275859
0.0,0.0,0.09744004303935973
0.0,0.0,0.09625521778654893
0.0,1.0,0.9007033636966195
0.0,0.0,0.2135972505776666
0.0,1.0,0.6970285508257968
0.0,0.0,0.3233999110098536
0.0,0.0,0.2080728268373725
0.0,1.0,0.6621780814922076
0.0,0.0,0.4056730277464338
0.0,0.0,0.44264242642334145
0.0,0.0,0.20491999866007143
0.0,0.0,0.23340587869317517
0.0,1.0,0.784105060554685
0.0,0.0,0.31434201697211234
0.0,0.0,0.21409392558406354
0.0,0.0,0.11798794492473202
0.0,0.0,0.33539269644004
0.0,0.0,0.44414336351271144
0.0,0.0,0.4386305112991845
0.0,0.0,0.0
0.0,0.0,0.11065798383844931
0.0,1.0,0.8930348258868225
0.0,0.0,0.0
0.0,0.0,0.3410081685349598
0.0,0.0,0.0
0.0,0.0,0.09883272457045834
0.0,0.0,0.1142915424434625
0.0,0.0,0.35427622689086635
0.0,1.0,0.8999017039984172
0.0,0.0,0.426060091393138
0.0,0.0,0.3831046354495356
0.0,0.0,0.0
0.0,0.0,0.44869053105361334
0.0,0.0,0.11485104066203108
0.0,0.0,0.33234918064452995
0.0,0.0,0.42261843919831865
0.0,1.0,0.8940095677698973
0.0,1.0,0.6874370973414502
0.0,0.0,0.10476194795793944
0.0,0.0,0.11039785640175713
0.0,0.0,0.0
0.0,1.0,0.6849566402529467
0.0,0.0,0.09986069965479336
0.0,0.0,0.10514600867544076
0.0,1.0,1.0
0.0,0.0,0.0
0.0,0.0,0.0
0.0,0.0,0.0
0.0,0.0,0.23048807728205775
0.0,1.0,0.6662570023064271
0.0,0.0,0.3309411721281531
0.0,1.0,1.0
0.0,0.0,0.222798781767211
0.0,0.0,0.42955216167001015
0.0,0.0,0.3379098863507115
0.0,0.0,0.10727847416896935
0.0,1.0,0.6731896726263575
0.0,0.0,0.31763776601347904
0.0,1.0,0.8915223011222364
0.0,0.0,0.442467553124766
0.0,0.0,0.2228320255201179
0.0,1.0,0.5386212186862185
0.0,0.0,0.3385109753155127
0.0,1.0,1.0
0.0,0.0,0.4401163991469495
0.0,0.0,0.3212904638149772
0.0,1.0,0.5607886803966018
0.0,1.0,0.6787684652960713
0.0,1.0,0.5606896679481018
0.0,0.0,0.34048278656295106
0.0,1.0,0.6456381461879137
0.0,0.0,0.3443974976969458
0.0,0.0,0.23014773799283492
0.0,0.0,0.44413635112107175
0.0,0.0,0.10349529893949563
0.0,1.0,0.8911689425534672
0.0,0.0,0.0
0.0,0.0,0.4312241272027895
0.0,0.0,0.47700020067477633
0.0,0.0,0.22085262497937247
0.0,0.0,0.45254307577033265
0.0,0.0,0.3351437515059964
0.0,1.0,0.7607712104600192
0.0,0.0,0.10725985599409779
0.0,0.0,0.45674375404004575
0.0,0.0,0.0
0.0,0.0,0.4392727371019268
0.0,1.0,0.6758739719453888
0.0,0.0,0.20383818715771707
0.0,0.0,0.347292829500772
0.0,1.0,0.6688496835437908
0.0,0.0,0.20973983524214596
0.0,0.0,0.11029463954935909
0.0,1.0,0.5620544173656261
0.0,1.0,1.0
0.0,0.0,0.4231066110185334
0.0,1.0,0.8934992319278102
0.0,0.0,0.45031871983729593
0.0,0.0,0.33068638443584913
0.0,0.0,0.21470635717910114
0.0,0.0,0.4615862406580904
0.0,0.0,0.0
0.0,0.0,0.11420821253611037
0.0,1.0,0.550176717925946
0.0,1.0,0.5684845348948576
0.0,1.0,0.6560835330309348
0.0,1.0,0.6807903851250828
0.0,1.0,0.5525252883048902
0.0,0.0,0.44324938448733364
0.0,1.0,1.0
0.0,1.0,0.5088796030624095
0.0,0.0,0.11225207841864675
0.0,0.0,0.12208447226311683
0.0,0.0,0.4609165700398465
0.0,1.0,0.5519870470882262
0.0,0.0,0.4157631127429218
0.0,0.0,0.1062836161619404
0.0,0.0,0.4303519466486804
0.0,0.0,0.3239013121006879
0.0,1.0,0.6570054724833876
0.0,0.0,0.43441852467062875
0.0,0.0,0.10987912391186899
0.0,1.0,1.0
0.0,1.0,0.5313272137872658
0.0,0.0,0.2185596961042102
0.0,0.0,0.3285228328237124
0.0,1.0,0.5501815692356623
0.0,0.0,0.21382833265727869
0.0,0.0,0.3141061450603365
0.0,1.0,1.0
0.0,1.0,0.5601634204398949
0.0,1.0,0.7604657232509489
0.0,1.0,0.557102384157293
0.0,0.0,0.11235508259986558
0.0,0.0,0.3370610059758244
0.0,0.0,0.42061253802958637
0.0,0.0,0.21675290893724364
0.0,0.0,0.0
0.0,0.0,0.22507756639772242
0.0,1.0,0.8896442448605046
0.0,0.0,0.4466395804588154
0.0,0.0,0.10370631437829345
0.0,0.0,0.2190350795878672
0.0,0.0,0.21745733290359429
0.0,1.0,0.700196862689888
0.0,0.0,0.3171306417161098
0.0,0.0,0.44797920764409077
0.0,1.0,0.8918910669334972
0.0,1.0,0.7872494001772641
0.0,1.0,0.7917232692597894
0.0,0.0,0.33902620579192927
0.0,0.0,0.0
0.0,0.0,0.10996128402389772
0.0,0.0,0.33410387489843213
0.0,0.0,0.11228482477018832
0.0,0.0,0.46128933960878177
0.0,1.0,0.8871707261927623
0.0,0.0,0.0964692025862414
0.0,1.0,0.7655476800616677
0.0,1.0,0.5596433970314544
0.0,1.0,0.6605459813641251
0.0,0.0,0.10984727583101518
0.0,1.0,0.5427074248644657
0.0,0.0,0.45703910771875794
0.0,0.0,0.32912337339794967
0.0,1.0,0.8946399071223422
0.0,1.0,0.6807462730542898
0.0,0.0,0.20930820170537145
0.0,0.0,0.1076798184997551
0.0,1.0,0.8928725836767478
0.0,0.0,0.10658160788522916
0.0,0.0,0.0
0.0,0.0,0.11148820581943383
0.0,0.0,0.2176986906685811
0.0,0.0,0.0
0.0,1.0,0.5699955381107852
0.0,0.0,0.22437471537744288
0.0,0.0,0.21936689705511664
0.0,0.0,0.0
0.0,1.0,0.7781979693308222
0.0,1.0,0.6721866495907428
0.0,1.0,0.5449428909022951
0.0,1.0,1.0
0.0,1.0,0.7832037517737045
0.0,0.0,0.20767580438284902
0.0,0.0,0.33374624314393586
0.0,1.0,0.5683868235650349
0.0,0.0,0.43776552621208803
0.0,1.0,0.6823506188510737
0.0,0.0,0.4555287837209374
0.0,0.0,0.4378831124586877
0.0,1.0,0.7740039376916974
0.0,0.0,0.4737613489199963
0.0,1.0,0.7903801584231556
0.0,0.0,0.10279789143327446
0.0,1.0,0.6837496799592172
0.0,0.0,0.3314514726319848
0.0,0.0,0.45336820107925335
0.0,1.0,0.5459147750763184
0.0,1.0,0.8898489232923074
0.0,1.0,0.8951465216324321
0.0,0.0,0.11246256562811245
0.0,1.0,0.5647433223722201
0.0,1.0,0.6610330376706646
0.0,1.0,0.7667457701521938
0.0,1.0,0.8778049938962712
0.0,1.0,0.5440287965513653
0.0,0.0,0.4489015851414683
0.0,1.0,0.6859629876186706
0.0,1.0,0.8904073819113258
0.0,0.0,0.3484196067330718
0.0,1.0,0.8880930603910212
0.0,0.0,0.33371542217801636
0.0,0.0,0.3356583272520919
0.0,1.0,0.6610814639591308
0.0,0.0,0.2610766531942344
0.0,0.0,0.4363380275812405
0.0,0.0,0.19579434902007606
0.0,0.0,0.331683484774795
0.0,0.0,0.4432839511792623
0.0,1.0,0.890422917061715
0.0,0.0,0.4469793088113669
0.0,0.0,0.49249798961206825
0.0,0.0,0.43538736257426347
0.0,0.0,0.23316013229328145
0.0,0.0,0.22484654421364966
0.0,1.0,0.5730256195248572
0.0,1.0,0.6756225560969201
0.0,1.0,0.5259010917112824
0.0,0.0,0.10521362680294433
0.0,0.0,0.4600275914896454
0.0,0.0,0.0
0.0,0.0,0.3374339015176681
0.0,0.0,0.3246715035433459
0.0,0.0,0.1055369930412332
0.0,0.0,0.3083893315434779
0.0,0.0,0.414232094721591
0.0,0.0,0.11772800596867736
0.0,0.0,0.0
0.0,0.0,0.0
0.0,0.0,0.09361635268999512
0.0,0.0,0.0
0.0,0.0,0.0
0.0,0.0,0.3629693526985809
0.0,0.0,0.09932807673546826
0.0,0.0,0.0
0.0,1.0,0.6793569543729645
0.0,0.0,0.13999820631255766
0.0,1.0,0.6620787215334214
0.0,1.0,0.5608268077161354
0.0,1.0,0.7783212267861325
0.0,0.0,0.14148263143433662
0.0,0.0,0.21949235301075048
0.0,0.0,0.2117513573007593
0.0,0.0,0.0
0.0,0.0,0.09216688560893718
0.0,1.0,0.5735642889839718
0.0,1.0,0.5329092883465945
0.0,0.0,0.44676743382986356
0.0,0.0,0.0
0.0,0.0,0.0
0.0,0.0,0.0
0.0,0.0,0.0
0.0,0.0,0.0
0.0,0.0,0.0
0.0,0.0,0.0
0.0,0.0,0.0
0.0,1.0,0.785200728863212
0.0,0.0,0.29923258285804905
0.0,0.0,0.4575019767446636
0.0,1.0,0.5639642419962163
0.0,0.0,0.21599867189257266
0.0,0.0,0.44568467643643017
0.0,0.0,0.32153813761058214
0.0,0.0,0.0
0.0,0.0,0.42503990443258327
0.0,0.0,0.10714307586080588
0.0,0.0,0.1260196053983774
0.0,0.0,0.0
0.0,0.0,0.0
0.0,1.0,1.0
0.0,0.0,0.0
0.0,0.0,0.22431899933888474
0.0,0.0,0.2151598059310897
0.0,1.0,0.555836200840083
0.0,1.0,0.5699337856881417
0.0,0.0,0.32255399991849615
0.0,0.0,0.10695099490878518
0.0,0.0,0.0
0.0,0.0,0.46969642628025904
0.0,0.0,0.21736899069516222
0.0,0.0,0.3489499237067703
0.0,0.0,0.10836695303146016
0.0,0.0,0.11805981415746399
0.0,0.0,0.3157595128661996
0.0,1.0,0.5631614464405925
0.0,0.0,0.21577846826832997
0.0,0.0,0.20943028671162978
0.0,0.0,0.32099380401034106
0.0,1.0,0.5518675469828535
0.0,0.0,0.32877962557789286
0.0,0.0,0.0
0.0,0.0,0.0
0.0,1.0,0.6795727092494255
0.0,0.0,0.4960771038259498
0.0,0.0,0.3365416610716452
0.0,0.0,0.21518818947915197
0.0,1.0,0.6845236330703953
0.0,0.0,0.44917173078432676
0.0,0.0,0.0
0.0,0.0,0.22850631807890492
0.0,1.0,0.5863106915635405
0.0,0.0,0.10394096250167587
0.0,0.0,0.11020100006671378
0.0,0.0,0.3500145269980917
0.0,1.0,0.568042512122714
0.0,0.0,0.0
0.0,0.0,0.0
0.0,0.0,0.0
0.0,0.0,0.3269795848632757
0.0,0.0,0.0
0.0,0.0,0.458796045915924
0.0,0.0,0.22675575080279234
0.0,1.0,0.565686275652089
0.0,1.0,0.6583883542339107
0.0,1.0,0.6373186366043793
0.0,1.0,0.6767325024356833
0.0,0.0,0.2231889013076398
0.0,0.0,0.11181780669784838
0.0,0.0,0.42928945311141
0.0,0.0,0.32319653793426306
0.0,0.0,0.3062223642340027
0.0,0.0,0.21736134504442375
0.0,1.0,0.5958562942513578
0.0,0.0,0.32669796671987145
0.0,0.0,0.42135870132341774
0.0,0.0,0.10285749688263289
0.0,1.0,0.8928758578399401
0.0,0.0,0.4532396956102157
0.0,0.0,0.1099072239769329
0.0,0.0,0.1022179865126422
0.0,0.0,0.104168040370832
0.0,0.0,0.11368620008898728
0.0,0.0,0.09763857956689034
0.0,0.0,0.11472794597125922
0.0,0.0,0.4418602034566946
0.0,1.0,0.5368385691029401
0.0,0.0,0.44894112167662736
0.0,0.0,0.09678585219142573
0.0,0.0,0.2155500844371588
0.0,0.0,0.09704106428686621
0.0,0.0,0.2293915265744636
0.0,0.0,0.3228838106557509
0.0,0.0,0.10575870103091024
0.0,0.0,0.10112878634938678
0.0,0.0,0.21500925235487936
0.0,0.0,0.20821673997531057
0.0,1.0,0.7609314117280841
0.0,0.0,0.20861906909562206
0.0,1.0,0.78112875902465
0.0,0.0,0.2103961380217675
0.0,0.0,0.4427336214862853
0.0,1.0,0.6705302144578893
0.0,0.0,0.0
0.0,0.0,0.0
0.0,0.0,0.15596677047429666
0.0,0.0,0.0
0.0,0.0,0.36485374033787993
0.0,1.0,0.8989925268493597
0.0,0.0,0.0
0.0,0.0,0.3312007045477374
0.0,0.0,0.20323950699100127
0.0,0.0,0.36917965169744077
0.0,0.0,0.21542180888809243
0.0,0.0,0.0
0.0,1.0,0.5478505579259593
0.0,1.0,0.6521638643056118
0.0,0.0,0.23059916848662762
0.0,0.0,0.0
0.0,0.0,0.0
0.0,0.0,0.0
0.0,0.0,0.0
0.0,0.0,0.0
0.0,0.0,0.0
0.0,0.0,0.0
0.0,0.0,0.0
0.0,0.0,0.0
0.0,1.0,0.785200728863212
0.0,0.0,0.29923258285804905
0.0,0.0,0.4575019767446636
0.0,1.0,0.5639642419962163
0.0,0.0,0.21599867189257266
0.0,0.0,0.44568467643643017
0.0,0.0,0.32153813761058214
0.0,0.0,0.0
0.0,0.0,0.42503990443258327
0.0,0.0,0.10714307586080588
0.0,0.0,0.1260196053983774
0.0,0.0,0.0
0.0,0.0,0.0
0.0,1.0,1.0
0.0,0.0,0.0
0.0,0.0,0.22431899933888474
0.0,0.0,0.2151598059310897
0.0,1.0,0.555836200840083
0.0,1.0,0.5699337856881417
0.0,0.0,0.32255399991849615
0.0,0.0,0.10695099490878518
0.0,0.0,0.0
0.0,0.0,0.46969642628025904
0.0,0.0,0.21736899069516222
0.0,0.0,0.3489499237067703
0.0,0.0,0.10836695303146016
0.0,0.0,0.11805981415746399
0.0,0.0,0.3157595128661996
0.0,1.0,0.5631614464405925
0.0,0.0,0.2158739003400931
0.0,0.0,0.20943028671162978
0.0,1.0,0.895165338018866
0.0,1.0,0.6741539229177664
0.0,0.0,0.2362714846789906
0.0,0.0,0.31030410562256916
0.0,0.0,0.33658004824930216
0.0,0.0,0.32912285093052834
0.0,0.0,0.0
0.0,1.0,0.6623766262063049
0.0,0.0,0.10427944903877248
0.0,0.0,0.45097174567672765
0.0,0.0,0.3313299509360402
0.0,1.0,0.6662958678694287
0.0,0.0,0.31622240016254144
0.0,0.0,0.2216030923732586
0.0,0.0,0.22448397904183767
0.0,0.0,0.0
0.0,0.0,0.22567934219213706
0.0,0.0,0.4435023490688809
0.0,0.0,0.0
0.0,0.0,0.10417463082313307
0.0,0.0,0.0
0.0,0.0,0.2555066097762457
0.0,0.0,0.3349019947145374
0.0,0.0,0.3454499722364389
0.0,1.0,0.5461401841048603
0.0,0.0,0.3324785974225954
0.0,1.0,1.0
0.0,1.0,0.5511232217420017
0.0,0.0,0.0
0.0,0.0,0.3233075234658949
0.0,1.0,0.6771367888492369
0.0,0.0,0.3284851790668951
0.0,0.0,0.21434040152111639
0.0,0.0,0.21816547984027704
0.0,0.0,0.3319388625189255
0.0,1.0,0.6514431694915291
0.0,0.0,0.0
0.0,0.0,0.22557260989626327
0.0,0.0,0.0
0.0,0.0,0.20490403640703775
0.0,0.0,0.10546469889945298
0.0,0.0,0.0
0.0,0.0,0.4509629057286898
0.0,0.0,0.4297437149245033
0.0,0.0,0.0
0.0,0.0,0.0
0.0,0.0,0.0877603915827243
0.0,0.0,0.0
0.0,0.0,0.0
0.0,0.0,0.34568351952325765
0.0,0.0,0.09944307131917798
0.0,0.0,0.0
0.0,0.0,0.20732094040570218
0.0,0.0,0.10647463988428578
0.0,0.0,0.22067349550062257
0.0,0.0,0.1043126343516248
0.0,1.0,0.5257457065903834
0.0,0.0,0.4933141807385425
0.0,0.0,0.10729843139868339
0.0,0.0,0.22198320333295576
0.0,0.0,0.24419611986735557
0.0,0.0,0.0
0.0,0.0,0.20429574624138158
0.0,0.0,0.2188133767367083
0.0,0.0,0.3295122016030057
0.0,0.0,0.0
0.0,0.0,0.0
0.0,0.0,0.35218256830138545
0.0,1.0,0.6672396722491278
0.0,0.0,0.21407309142609202
0.0,0.0,0.3232586208154684
0.0,0.0,0.11881658836352095
0.0,0.0,0.1047068258604307
0.0,1.0,0.5556514539638681
0.0,0.0,0.08677092756877476
0.0,0.0,0.20230456015275589
0.0,1.0,0.6465267093614995
0.0,0.0,0.09762343043707315
0.0,0.0,0.4679296982944943
0.0,0.0,0.0
0.0,0.0,0.125152671787968
0.0,1.0,0.656776481761912
0.0,0.0,0.20796881874002554
0.0,0.0,0.3346447753372329
0.0,1.0,0.7900195908392418
0.0,0.0,0.0
0.0,0.0,0.0
0.0,0.0,0.4524228086639639
0.0,1.0,0.544654747737897
0.0,1.0,0.5688377697630701
0.0,0.0,0.10343314257669319
0.0,0.0,0.11199306575802803
0.0,0.0,0.22360899416896257
0.0,0.0,0.0
0.0,1.0,0.5522843923295951
0.0,0.0,0.10370150335216234
0.0,0.0,0.2171974306655101
0.0,0.0,0.4492073931809813
0.0,0.0,0.1123253444576641
0.0,1.0,0.5325200043627172
0.0,0.0,0.4496351384378561
0.0,0.0,0.23838602538472367
0.0,0.0,0.421551663690809
0.0,1.0,0.6739284217721409
0.0,0.0,0.43515592015831656
0.0,1.0,0.6443358977601192
0.0,0.0,0.10605698584539691
0.0,1.0,0.8903509223380618
0.0,0.0,0.11201739573746564
0.0,0.0,0.0
0.0,1.0,0.7390638223226409
0.0,0.0,0.3353410485699764
0.0,0.0,0.3279526800784984
0.0,1.0,0.5476562283071635
0.0,1.0,0.6732276475969404
0.0,0.0,0.0
0.0,1.0,0.5551186995023404
0.0,1.0,0.6730348211446375
0.0,0.0,0.21674367257281496
0.0,1.0,0.5467115388348648
0.0,0.0,0.0
0.0,0.0,0.1643945924378238
0.0,0.0,0.21634763599619233
0.0,1.0,0.5464570795420559
0.0,1.0,0.5493917478444564
0.0,0.0,0.0
0.0,1.0,0.5671699093713337
0.0,0.0,0.10911035970602537
0.0,0.0,0.0
0.0,1.0,0.5656454751336586
0.0,0.0,0.43959172974564675
0.0,0.0,0.44241337107048606
0.0,0.0,0.43749610235484754
0.0,0.0,0.33495827012002843
0.0,0.0,0.4637431513229867
0.0,0.0,0.0
0.0,0.0,0.0
0.0,0.0,0.0
0.0,0.0,0.32554441133994355
0.0,0.0,0.0
0.0,0.0,0.11607676409353017
0.0,0.0,0.21057377766508978
0.0,0.0,0.0
0.0,0.0,0.31779473241805184
0.0,1.0,0.6706299427626572
0.0,1.0,0.6628069556589968
0.0,0.0,0.20418200224268984
0.0,0.0,0.3120815906058798
0.0,0.0,0.0
0.0,0.0,0.20948106872821048
0.0,0.0,0.32903858643441614
0.0,0.0,0.10336503003448484
0.0,1.0,0.5728943604837433
0.0,1.0,0.5599391011667779
0.0,0.0,0.0
0.0,0.0,0.2149465193873428
0.0,0.0,0.0
0.0,0.0,0.0
0.0,0.0,0.09619181864469117
0.0,1.0,0.6863830072078265
0.0,0.0,0.20921397846371528
0.0,0.0,0.4459004164819354
0.0,0.0,0.0
0.0,0.0,0.0
0.0,0.0,0.4535703838726465
0.0,0.0,0.34660960295420973
0.0,1.0,0.595710753594104
0.0,0.0,0.21431184550658836
0.0,0.0,0.31445765778841717
0.0,0.0,0.10055904497306681
0.0,0.0,0.10637232923171853
0.0,1.0,0.8857429168685901
0.0,1.0,0.5607636962269618
0.0,0.0,0.11826247141282727
0.0,1.0,0.6693310524008969
0.0,0.0,0.21865654008008256
0.0,1.0,0.6695141821812196
0.0,0.0,0.0
0.0,0.0,0.1063903963935068
0.0,0.0,0.2156632024730874
0.0,0.0,0.12519154769433807
0.0,0.0,0.216620743266873
0.0,1.0,0.7475790776439574
0.0,0.0,0.43562426327714854
0.0,0.0,0.0
0.0,0.0,0.10675275048276424
0.0,0.0,0.0
0.0,0.0,0.4247381956025814
0.0,0.0,0.10945914831931915
0.0,1.0,0.7560362426719138
0.0,1.0,0.8878046527682432
0.0,1.0,0.8908025567549702
0.0,1.0,0.6516094488647809
0.0,0.0,0.10713913352283887
0.0,1.0,0.5649064233011344
0.0,0.0,0.0
0.0,1.0,0.7967902663620343
0.0,0.0,0.33603402145744027
0.0,0.0,0.0
0.0,1.0,0.5672501912051383
0.0,1.0,0.5087260379765387
0.0,0.0,0.3365276241575481
0.0,0.0,0.3452425976928988
0.0,0.0,0.33227534598832464
0.0,0.0,0.42800904802151085
0.0,0.0,0.10176494708676784
0.0,0.0,0.0
0.0,0.0,0.0
0.0,0.0,0.0
0.0,0.0,0.44269697814355163
0.0,1.0,0.6628499827695724
0.0,0.0,0.1052008863889514
0.0,0.0,0.0
0.0,0.0,0.10655907463723988
0.0,1.0,0.6442432978181214
0.0,0.0,0.0
0.0,1.0,0.5623939482971566
0.0,1.0,0.6661998354851043
0.0,0.0,0.2144571764514625
0.0,0.0,0.10305672026219026
0.0,0.0,0.0
0.0,0.0,0.11120423665045884
0.0,1.0,0.8883480401556706
0.0,0.0,0.44556351013180717
0.0,0.0,0.23669650680508608
0.0,1.0,0.5583533684356294
0.0,0.0,0.0
0.0,0.0,0.4499688996957368
0.0,0.0,0.0
0.0,0.0,0.0
0.0,1.0,0.5431034960698443
0.0,1.0,0.6724223378015909
0.0,0.0,0.4518667750727418
0.0,0.0,0.415380682729638
0.0,0.0,0.2196985404173832
0.0,0.0,0.21264300655529428
0.0,0.0,0.11156000619784714
0.0,1.0,0.6536591340928681
0.0,1.0,0.5672996996948506
0.0,0.0,0.0
0.0,0.0,0.360515279972651
0.0,0.0,0.21884340510799052
0.0,0.0,0.10721878519329518
0.0,0.0,0.4396299606365053
0.0,0.0,0.4480314367631381
0.0,0.0,0.22829744352832412
0.0,0.0,0.32063899906702725
0.0,0.0,0.44300451335860963
0.0,0.0,0.4474487243822468
0.0,0.0,0.21492350504943375
0.0,0.0,0.09890170847144553
0.0,0.0,0.3471639952172157
0.0,0.0,0.32293164408476277
0.0,0.0,0.0
0.0,1.0,0.7774327848803632
0.0,0.0,0.0
0.0,0.0,0.3129882965359509
0.0,1.0,0.5422828038076242
0.0,0.0,0.10678673866649468
0.0,0.0,0.11185255689742277
0.0,0.0,0.0
0.0,1.0,0.7742040762594763
0.0,0.0,0.3101032334040991
0.0,0.0,0.0
0.0,0.0,0.33773035081519553
0.0,0.0,0.21579846297348243
0.0,0.0,0.10268090946764032
0.0,0.0,0.33093600343431484
0.0,0.0,0.32062976516733466
0.0,0.0,0.32882393934035437
0.0,0.0,0.24048247536599465
0.0,0.0,0.31865550825498723
0.0,1.0,0.564751256074077
0.0,0.0,0.11379210190519319
0.0,0.0,0.10357177058879244
0.0,0.0,0.21330059396721793
0.0,0.0,0.2040978826147826
0.0,1.0,0.726264760068049
0.0,0.0,0.1046505807312109
0.0,0.0,0.12043498243684433
0.0,0.0,0.43769592906603466
0.0,0.0,0.3425073096356139
0.0,0.0,0.4431306090067911
0.0,0.0,0.11349244773873833
0.0,0.0,0.22026833270694338
0.0,0.0,0.0
0.0,0.0,0.12514517291616425
0.0,1.0,0.6775302884948341
0.0,0.0,0.1124528761000173
0.0,0.0,0.10715590513637474
0.0,1.0,0.6698768764291675
0.0,0.0,0.11140841778852369
0.0,0.0,0.43168834522057803
0.0,0.0,0.32869053293692474
0.0,0.0,0.1113538663451906
0.0,0.0,0.33472974485010465
0.0,0.0,0.21976206220067562
0.0,0.0,0.21647339573534008
0.0,0.0,0.21001875779411616
0.0,0.0,0.4937547801543281
0.0,1.0,0.5298018751493645
0.0,0.0,0.0
0.0,0.0,0.10126965048756746
0.0,0.0,0.11837876706132204
0.0,0.0,0.0
0.0,0.0,0.10491148975722661
0.0,0.0,0.10563754439937162
0.0,0.0,0.1931446356123867
0.0,0.0,0.20438396321402044
0.0,1.0,0.5620334148433113
0.0,0.0,0.2237290130565546
0.0,0.0,0.09828195926703027
0.0,0.0,0.10913112959992663
0.0,0.0,0.11413747008117664
0.0,0.0,0.11643181683178663
0.0,1.0,0.5398686712224338
0.0,0.0,0.35183101668373895
0.0,0.0,0.11795329286356239
0.0,0.0,0.44817614023554186
0.0,1.0,0.5601710637858646
0.0,1.0,0.886811819035366
0.0,0.0,0.10178305799155626
0.0,0.0,0.443385951225383
0.0,0.0,0.3326040462766688
0.0,0.0,0.22014051974943255
0.0,0.0,0.0
0.0,0.0,0.0
0.0,0.0,0.4271250087351917
0.0,1.0,0.5833635450759576
0.0,1.0,0.6653560717604543
0.0,0.0,0.3372874035148598
0.0,0.0,0.44191428638789293
0.0,0.0,0.3226553068964815
0.0,0.0,0.11283508929148514
0.0,1.0,0.7769938571464393
0.0,1.0,0.8942469946223139
0.0,0.0,0.2297478572029565
0.0,1.0,0.7849911526769484
0.0,0.0,0.23795243007749228
0.0,1.0,0.5618579297721327
0.0,0.0,0.2297557968046925
0.0,0.0,0.22110536634334355
0.0,0.0,0.10873719469397462
0.0,0.0,0.3216987199952086
0.0,0.0,0.32681592331280906
0.0,0.0,0.32402561369123906
0.0,0.0,0.10539980645552505
0.0,0.0,0.22953672681841336
0.0,0.0,0.4178974215698083
0.0,1.0,0.6570296926985214
0.0,0.0,0.0
0.0,0.0,0.4300252390649409
0.0,0.0,0.0
0.0,0.0,0.2548239895773224
0.0,0.0,0.4438922923984588
0.0,0.0,0.10086852856657925
0.0,0.0,0.0
0.0,0.0,0.0
0.0,1.0,0.8908005436333797
0.0,0.0,0.11824268163175482
0.0,0.0,0.3300585460157259
0.0,0.0,0.0
0.0,0.0,0.45071550212437633
0.0,1.0,0.5461129717235572
0.0,0.0,0.0
0.0,0.0,0.45499515700894466
0.0,0.0,0.32747976667884837
0.0,0.0,0.21570043265682104
0.0,1.0,0.5478853931695167
0.0,1.0,0.682026865287584
0.0,1.0,0.6841199013997535
0.0,0.0,0.21177021293265336
0.0,0.0,0.0
0.0,0.0,0.20127941274981104
0.0,0.0,0.0
0.0,0.0,0.44613857954977015
0.0,0.0,0.10457269814012413
0.0,1.0,0.5226765697169208
0.0,1.0,0.6917300299480224
0.0,0.0,0.09666684732206252
0.0,0.0,0.4418468973311177
0.0,0.0,0.33288588738679215
0.0,0.0,0.0
0.0,0.0,0.2178907797694566
0.0,0.0,0.42977782339074727
0.0,0.0,0.0
0.0,1.0,0.5700035970413984
0.0,0.0,0.4605163721110648
0.0,0.0,0.3130492630601924
0.0,0.0,0.317643394651304
0.0,1.0,0.6830475393055128
0.0,0.0,0.0
0.0,0.0,0.0
0.0,0.0,0.45491066376070616
0.0,0.0,0.10211795486883
0.0,1.0,0.7775044330948727
0.0,0.0,0.2184416526427822
0.0,0.0,0.0
0.0,0.0,0.24670728550062984
0.0,0.0,0.45653187437417625
0.0,1.0,0.8002785580461732
0.0,0.0,0.22113040289930916
0.0,0.0,0.24726409213328665
0.0,0.0,0.36849802735836273
0.0,1.0,0.5688910477189182
0.0,0.0,0.4612561327233797
0.0,0.0,0.31964588356138945
0.0,0.0,0.3338292955547309
0.0,0.0,0.2947065302865385
0.0,1.0,0.7791922987308806
0.0,0.0,0.12308649617361639
0.0,0.0,0.3317893456999801
0.0,0.0,0.32274330885436076
0.0,0.0,0.46308803298242623
0.0,0.0,0.43687514742997824
0.0,0.0,0.0
0.0,1.0,0.661472781998166
0.0,0.0,0.10461102457896394
0.0,0.0,0.3155062173859117
0.0,0.0,0.0
0.0,0.0,0.3395316045424928
0.0,0.0,0.09864886980504038
0.0,1.0,0.5646962002850789
0.0,0.0,0.0
0.0,0.0,0.0
0.0,0.0,0.10343779953352976
0.0,0.0,0.46032020619983455
0.0,1.0,0.5480336960917946
0.0,0.0,0.10471940433424744
0.0,0.0,0.32551755403846855
0.0,0.0,0.225350788697157
0.0,1.0,0.7862962909910844
0.0,0.0,0.4336990755642831
0.0,0.0,0.2137267736617973
0.0,0.0,0.44468059969489243
0.0,0.0,0.32910287363433566
0.0,0.0,0.1147969540303466
0.0,0.0,0.25463337471872133
0.0,0.0,0.42749415172187766
0.0,1.0,0.6623310988845191
0.0,0.0,0.23323059973503232
0.0,0.0,0.11639768735010185
0.0,0.0,0.33603582271774807
0.0,1.0,0.7870268537830671
0.0,0.0,0.3258306194166408
0.0,0.0,0.0
0.0,0.0,0.22114088778934635
0.0,0.0,0.23167839467332904
0.0,1.0,0.8949528914798729
0.0,1.0,0.89488359853339
0.0,1.0,0.5533689607533022
0.0,0.0,0.161564665807185
0.0,0.0,0.10316843466346722
0.0,0.0,0.0
0.0,0.0,0.11360646882876281
0.0,0.0,0.0
0.0,0.0,0.4242375977465344
0.0,0.0,0.31886761354524373
0.0,0.0,0.4532331528528558
0.0,0.0,0.10644224410888452
0.0,0.0,0.0
0.0,0.0,0.1042146405705375
0.0,0.0,0.23015334974577412
0.0,0.0,0.1152958653890826
0.0,0.0,0.3350187535680829
0.0,1.0,1.0
0.0,0.0,0.24304833110233107
0.0,1.0,0.562910328029471
0.0,1.0,0.6769587055287172
0.0,0.0,0.33556459967906166
0.0,0.0,0.21215004203190724
0.0,1.0,0.6666888123644011
0.0,0.0,0.4191439990338229
0.0,0.0,0.4273465513918725
0.0,0.0,0.11675517023865217
0.0,1.0,0.5615642315257966
0.0,0.0,0.0
0.0,1.0,0.673741403272071
0.0,0.0,0.2049865638902902
0.0,0.0,0.11076399440949865
0.0,1.0,0.6755127431125938
0.0,1.0,0.6698238683975142
0.0,0.0,0.10783656344498628
0.0,0.0,0.12814890147946237
0.0,0.0,0.2194965391391117
0.0,0.0,0.0
0.0,0.0,0.20725814141883936
0.0,0.0,0.0
0.0,0.0,0.11924908581282773
0.0,0.0,0.2236477999804798
0.0,0.0,0.22931228563604839
0.0,1.0,0.7771157312495168
0.0,0.0,0.0
0.0,0.0,0.4404332294598985
0.0,1.0,0.5453137044447884
0.0,0.0,0.0
0.0,0.0,0.11533567075736822
0.0,1.0,1.0
0.0,0.0,0.1965066477201963
0.0,0.0,0.0
0.0,0.0,0.24015519338723423
0.0,1.0,0.52444039652112
0.0,0.0,0.45338120275240495
0.0,0.0,0.0
0.0,0.0,0.46926864434322396
0.0,0.0,0.354480635939324
0.0,0.0,0.33316804700563785
0.0,0.0,0.34139050471126914
0.0,0.0,0.11875408624572172
0.0,1.0,0.6762205110665827
0.0,1.0,1.0
0.0,0.0,0.0
0.0,0.0,0.3124806868775162
0.0,0.0,0.0
0.0,0.0,0.3416411209540128
0.0,1.0,0.698909970444333
0.0,0.0,0.21581044234665822
0.0,0.0,0.0
0.0,0.0,0.11833687781112573
0.0,0.0,0.33188933622516276
0.0,0.0,0.0
0.0,0.0,0.329227079008741
0.0,0.0,0.0
0.0,0.0,0.3313002092526953
0.0,0.0,0.11323066110037779
0.0,0.0,0.09597284529348711
0.0,0.0,0.42549326567061185
0.0,0.0,0.0
0.0,1.0,0.8665364949965606
0.0,0.0,0.22018400732370944
0.0,0.0,0.21439933718892504
0.0,0.0,0.4528410047413854
0.0,0.0,0.4315838288881138
0.0,1.0,0.662540127240391
0.0,0.0,0.21689161531741985
0.0,0.0,0.23876166940022361
0.0,0.0,0.21592266466583201
0.0,1.0,0.5628170174744366
0.0,0.0,0.0
0.0,0.0,0.34570011957640073
0.0,1.0,0.5670953813594869
0.0,0.0,0.21609019680520658
0.0,1.0,0.5508047941120856
0.0,0.0,0.22090070870694736
0.0,0.0,0.20911509855704777
0.0,0.0,0.0
0.0,1.0,1.0
0.0,0.0,0.11270415165929981
0.0,0.0,0.2101852184041121
0.0,0.0,0.0
0.0,1.0,0.6645641919088773
0.0,0.0,0.43736266879007646
0.0,1.0,0.5622406843211172
0.0,0.0,0.10573861693311237
0.0,1.0,0.7868169675849139
0.0,0.0,0.23367080575472443
0.0,0.0,0.2052922199071607
0.0,0.0,0.33033941574500353
0.0,0.0,0.20735067018702072
0.0,0.0,0.43914606062733597
0.0,0.0,0.21402140121993626
0.0,0.0,0.0
0.0,0.0,0.21163854611239957
0.0,0.0,0.10258417006891042
0.0,0.0,0.4517408637733721
0.0,0.0,0.09780856643349964
0.0,0.0,0.446903186856763
0.0,0.0,0.0
0.0,0.0,0.0
0.0,0.0,0.10863796827358829
0.0,1.0,0.6917097497472099
0.0,1.0,0.7792973581182435
0.0,0.0,0.21079996315110036
0.0,0.0,0.21299146281084838
0.0,0.0,0.0
0.0,0.0,0.2123494107929927
0.0,0.0,0.21391930414208787
0.0,0.0,0.2099784184348007
0.0,0.0,0.0
0.0,0.0,0.1141278441922135
0.0,0.0,0.21001200819715077
0.0,0.0,0.3353869778638789
0.0,0.0,0.10742149629509253
0.0,0.0,0.21467821571447326
0.0,0.0,0.3500368961869054
0.0,1.0,0.6791779821840324
0.0,1.0,0.6771032827231442
0.0,0.0,0.4312133283105321
0.0,1.0,0.6533380836169862
0.0,1.0,0.6583669674311511
0.0,0.0,0.12262606500690772
0.0,1.0,0.6839532283736335
0.0,0.0,0.22095077224107862
0.0,0.0,0.11101200957920565
0.0,0.0,0.21216108376528506
0.0,0.0,0.0
0.0,0.0,0.2152391297613731
0.0,1.0,0.8984779780174557
0.0,0.0,0.0
0.0,1.0,0.549318516873033
0.0,0.0,0.32997970098408047
0.0,0.0,0.1041245090044434
0.0,0.0,0.21670123835588675
0.0,1.0,0.5355531663147491
0.0,1.0,0.5608397907989756
0.0,0.0,0.31383628808662073
0.0,0.0,0.0
0.0,0.0,0.2288275972119778
0.0,0.0,0.36689128768885637
0.0,0.0,0.10166761547250519
0.0,0.0,0.4127794290842946
0.0,0.0,0.0
0.0,0.0,0.10242380331422135
0.0,0.0,0.0
0.0,0.0,0.34822604412495284
0.0,1.0,0.7734551275524953
0.0,1.0,0.5608860104114477
0.0,0.0,0.12202333617253036
0.0,1.0,0.6770271615307455
0.0,0.0,0.34110160275600954
0.0,1.0,0.678498963995727
0.0,0.0,0.23626241383886323
0.0,0.0,0.0
0.0,0.0,0.10131150612382282
0.0,0.0,0.0
0.0,0.0,0.4607230163607665
0.0,0.0,0.10977463618762838
0.0,0.0,0.3531914311966852
0.0,0.0,0.0
0.0,0.0,0.0
0.0,1.0,0.6841625148924597
0.0,0.0,0.0
0.0,0.0,0.11435155765921917
0.0,0.0,0.19402318678254668
0.0,0.0,0.3501074978699058
0.0,0.0,0.11277039811754898
0.0,0.0,0.10531512774707674
0.0,0.0,0.0
0.0,0.0,0.13481342398256202
0.0,1.0,0.6768628653328415
0.0,1.0,0.6669575752337141
0.0,0.0,0.3270241163363297
0.0,1.0,0.5437606862770419
0.0,0.0,0.3308848420218561
0.0,0.0,0.3117935803523929
0.0,1.0,1.0
0.0,0.0,0.106915278407419
0.0,0.0,0.10828606828020244
0.0,0.0,0.4412422892287282
0.0,0.0,0.11517189155587917
0.0,0.0,0.31720241710364555
0.0,0.0,0.21886207274592445
0.0,0.0,0.21090516337519663
0.0,0.0,0.1369875463236288
0.0,0.0,0.43729306524478595
0.0,0.0,0.10716708574287528
0.0,0.0,0.3212882068512208
0.0,0.0,0.09813014520083602
0.0,0.0,0.09600372110072429
0.0,0.0,0.12455459010500197
0.0,0.0,0.0
0.0,0.0,0.0
0.0,0.0,0.23477554356633715
0.0,0.0,0.21590417382136334
0.0,0.0,0.1025623096532464
0.0,0.0,0.10715463215164808
0.0,1.0,0.7577725093735544
0.0,0.0,0.21626639767817582
0.0,1.0,1.0
0.0,0.0,0.28600320999407935
0.0,1.0,0.5613443881622017
0.0,1.0,0.678325986240003
0.0,1.0,0.8844647166413232
0.0,1.0,0.5611779041715886
0.0,0.0,0.4189658660527703
0.0,1.0,0.5440195028341693
0.0,0.0,0.10162367999952182
0.0,1.0,0.7842517098235086
0.0,0.0,0.21281366846233976
0.0,0.0,0.1046432246098831
0.0,0.0,0.10336643004559698
0.0,0.0,0.0
0.0,0.0,0.375712934773463
0.0,1.0,0.5545955322109204
0.0,0.0,0.21600834709463265
0.0,0.0,0.1076651158078569
0.0,0.0,0.22112922373809962
0.0,0.0,0.11491184549147272
0.0,0.0,0.0
0.0,0.0,0.0
0.0,0.0,0.1253441072029316
0.0,1.0,0.5652701393342927
0.0,0.0,0.21115599437885338
0.0,0.0,0.12261927004577333
0.0,0.0,0.12201723885912465
0.0,0.0,0.43052168586650735
0.0,1.0,0.5697859401789898
0.0,1.0,1.0
0.0,1.0,0.6515050826609368
0.0,1.0,0.8981953767258479
0.0,0.0,0.0
0.0,0.0,0.10698988532132919
0.0,0.0,0.0
0.0,0.0,0.0
0.0,0.0,0.36579213267373867
0.0,0.0,0.443069782128648
0.0,1.0,0.6043011351713106
0.0,0.0,0.3296159111300221
0.0,0.0,0.0
0.0,0.0,0.32852556738169814
0.0,0.0,0.20634961113338823
0.0,0.0,0.0
0.0,0.0,0.0
0.0,0.0,0.3141702567280558
0.0,0.0,0.21226697823260463
0.0,0.0,0.34734000987327723
0.0,1.0,0.6671895922129313
0.0,0.0,0.32025904678177003
0.0,1.0,0.5332856896098925
0.0,1.0,0.7776558690273571
0.0,1.0,0.6476899772244176
0.0,0.0,0.11282901237452986
0.0,1.0,0.5722580721765674
0.0,1.0,0.5419199107599726
0.0,0.0,0.2144414792206464
0.0,0.0,0.10609586645991517
0.0,1.0,0.5469130097570217
0.0,0.0,0.2483146561307369
0.0,0.0,0.21204227788887148
0.0,0.0,0.4496461392745299
0.0,0.0,0.22440855489262188
0.0,0.0,0.22461818745955953
0.0,0.0,0.0
0.0,0.0,0.10067954746029524
0.0,0.0,0.0
0.0,0.0,0.0
0.0,0.0,0.2195105622578406
0.0,1.0,0.8658043811789917
0.0,1.0,0.6646991488045303
0.0,0.0,0.3615315159555975
0.0,0.0,0.1971695360750273
0.0,0.0,0.3263328781459399
0.0,0.0,0.430959183042421
0.0,0.0,0.4623361243885757
0.0,0.0,0.20180422347059968
0.0,0.0,0.2199516373888458
0.0,0.0,0.21748856611094303
0.0,0.0,0.42182687116515877
0.0,0.0,0.21135029128072988
0.0,0.0,0.33571803558670976
0.0,0.0,0.44582902616836834
0.0,1.0,0.5456969590164026
0.0,0.0,0.10636158759250502
0.0,0.0,0.1319592124883511
0.0,0.0,0.10333565108893047
0.0,0.0,0.21114428061745283
0.0,1.0,0.6457822665410319
0.0,0.0,0.106677675415401
0.0,0.0,0.31067966631167515
0.0,1.0,0.5600428121149437
0.0,0.0,0.1096495371304223
0.0,1.0,0.5406618598960717
0.0,1.0,0.5500475104824762
0.0,1.0,0.7801051503754073
0.0,0.0,0.34324337661938514
0.0,0.0,0.0
0.0,0.0,0.0
0.0,1.0,1.0
0.0,1.0,0.8936422724539268
0.0,0.0,0.21405979781805518
0.0,1.0,0.5723638238705476
0.0,0.0,0.34886412416164786
0.0,1.0,0.7984070311332034
0.0,0.0,0.10539240182823958
0.0,0.0,0.21650432618434046
0.0,0.0,0.2278492226572853
0.0,0.0,0.11993181340613983
0.0,0.0,0.1066429133081406
0.0,0.0,0.4368563166462055
0.0,0.0,0.12045009070375683
0.0,0.0,0.10324108514268143
0.0,0.0,0.23493593769412713
0.0,0.0,0.2304130069632504
0.0,0.0,0.22579674249095338
0.0,0.0,0.0
0.0,1.0,0.6788812766566634
0.0,1.0,0.8970946319647157
0.0,0.0,0.22939556270045836
0.0,0.0,0.10486516288794195
0.0,0.0,0.11303464631544839
0.0,1.0,1.0
0.0,1.0,0.6597116273348469
0.0,0.0,0.23072583016589657
0.0,0.0,0.2196122039885566
0.0,0.0,0.21787803824437718
0.0,0.0,0.20188925475563033
0.0,1.0,0.7650116567458408
0.0,0.0,0.10882072729640188
0.0,0.0,0.0
0.0,0.0,0.2041651106593201
0.0,1.0,1.0
0.0,1.0,0.7000559784606405
0.0,1.0,0.7603623982206779
0.0,0.0,0.4481541012218206
0.0,0.0,0.43472364389925083
0.0,1.0,1.0
0.0,1.0,0.6759780338941845
0.0,0.0,0.3393150252775423
0.0,0.0,0.19782967759227899
0.0,0.0,0.0
0.0,1.0,0.5603103932812468
0.0,0.0,0.32653370398180087
0.0,0.0,0.32040018028968464
0.0,0.0,0.0
0.0,1.0,0.6848921453282305
0.0,0.0,0.11056780110083074
0.0,0.0,0.3206088267769807
0.0,0.0,0.31771126340616174
0.0,0.0,0.20971249842164186
0.0,0.0,0.21721446087955568
0.0,1.0,0.5628938475844816
0.0,0.0,0.334537047666602
0.0,0.0,0.2189915727953721
0.0,1.0,0.5536504269589927
0.0,0.0,0.3462832509059135
0.0,0.0,0.0
0.0,0.0,0.23705752865258461
0.0,0.0,0.3396127361943093
0.0,0.0,0.32012784952526274
0.0,0.0,0.10016326703944825
0.0,0.0,0.10723677371580974
0.0,0.0,0.22795137966287807
0.0,1.0,0.6807006973428216
0.0,0.0,0.4439710759226992
0.0,0.0,0.09889793331066181
0.0,0.0,0.21898356488969356
0.0,0.0,0.0
0.0,0.0,0.0
0.0,0.0,0.3128322003764186
0.0,1.0,0.8966657804070407
0.0,0.0,0.10822798232890199
0.0,0.0,0.09629325402762241
0.0,1.0,0.6723019472806662
0.0,0.0,0.0
0.0,0.0,0.2342862841451439
0.0,1.0,0.8866071957633849
0.0,0.0,0.31552242846639594
0.0,0.0,0.42474496832618563
0.0,0.0,0.10638445958836451
0.0,0.0,0.0
0.0,0.0,0.20339222957525174
0.0,0.0,0.44005033111031305
0.0,0.0,0.3253746207637861
0.0,0.0,0.10366999162535137
0.0,1.0,0.8898448501847813
0.0,0.0,0.0
0.0,0.0,0.0
0.0,1.0,0.5513402026804766
0.0,0.0,0.19602994450454006
0.0,0.0,0.2061856522184568
0.0,1.0,1.0
0.0,1.0,0.7929863807379437
0.0,0.0,0.327231262494277
0.0,1.0,0.7713893092958567
0.0,0.0,0.42714497390964673
0.0,0.0,0.10435229437598292
0.0,0.0,0.32545988656772246
0.0,0.0,0.23362145674421256
0.0,0.0,0.110375288006922
0.0,1.0,0.5473988370441566
0.0,0.0,0.21196356830886998
0.0,0.0,0.10750729303237695
0.0,0.0,0.0
0.0,0.0,0.2002332281040124
0.0,0.0,0.22840349663718074
0.0,0.0,0.11076727856287769
0.0,1.0,0.6499820061093016
0.0,0.0,0.0
0.0,1.0,0.6940810474871348
0.0,0.0,0.31876255569071327
0.0,0.0,0.10192058169297667
0.0,0.0,0.0
0.0,1.0,0.5646629425339226
0.0,0.0,0.11712552096088308
0.0,0.0,0.0
0.0,0.0,0.3295570577715819
0.0,0.0,0.2170740127875512
0.0,0.0,0.10878371002323449
0.0,0.0,0.20274749702611208
0.0,1.0,0.7864279757573163
0.0,0.0,0.12784846748436454
0.0,0.0,0.0
0.0,0.0,0.12350781113621337
0.0,0.0,0.3397283747943471
0.0,0.0,0.0
0.0,0.0,0.09655220433801341
0.0,0.0,0.0
0.0,0.0,0.21479257205096275
0.0,0.0,0.23376535063291104
0.0,0.0,0.451024517867098
0.0,0.0,0.24042524543951246
0.0,0.0,0.21347503091883763
0.0,1.0,0.8881004883273739
0.0,0.0,0.44529113958510935
0.0,0.0,0.10869940012094295
0.0,0.0,0.0
0.0,0.0,0.33806670880629247
0.0,0.0,0.22922038939608566
0.0,0.0,0.0
0.0,1.0,0.7613250946428177
0.0,0.0,0.0
0.0,0.0,0.3399940185535877
0.0,1.0,0.6612523737511092
0.0,0.0,0.2171740933082516
0.0,0.0,0.0
0.0,1.0,0.6740381987112877
0.0,0.0,0.34622631436804074
0.0,1.0,0.6580462640945712
0.0,0.0,0.2167919359293524
0.0,0.0,0.1287411779865364
0.0,0.0,0.21829313273899528
0.0,0.0,0.0
0.0,1.0,0.5388920048635824
0.0,1.0,0.5686756991568491
0.0,0.0,0.22293234907240317
0.0,0.0,0.10214286849979118
0.0,0.0,0.10863793736650838
0.0,0.0,0.21623944734321174
0.0,0.0,0.10732497850365993
0.0,0.0,0.10429396954469329
0.0,0.0,0.35425184303413365
0.0,1.0,0.8969532029567499
0.0,0.0,0.12746052412987358
0.0,0.0,0.0
0.0,0.0,0.4247878991817426
0.0,0.0,0.09968321986833018
0.0,1.0,0.5354530077794287
0.0,0.0,0.3435902178833073
0.0,0.0,0.10780387025688828
0.0,0.0,0.13282600776372952
0.0,0.0,0.0979199484742723
0.0,1.0,0.7772795895821648
0.0,0.0,0.3955627419625486
0.0,0.0,0.20625537422762272
0.0,0.0,0.31801894950176
0.0,1.0,0.8970933771795246
0.0,1.0,0.5419611341723016
0.0,0.0,0.22697822578090407
0.0,0.0,0.10475428965858684
0.0,1.0,0.6682921528937538
0.0,1.0,0.5444324539058425
0.0,0.0,0.11129922333814117
0.0,0.0,0.21246015438619467
0.0,0.0,0.09769010577770926
0.0,0.0,0.21200614058759132
0.0,0.0,0.0
0.0,0.0,0.10977582769487206
0.0,0.0,0.42199469824608676
0.0,1.0,0.7742863970667425
0.0,0.0,0.4741357913083077
0.0,0.0,0.21503550039828423
0.0,1.0,0.7989503626309806
0.0,0.0,0.22375705736978777
0.0,1.0,0.6667448394149428
0.0,0.0,0.2369554961249336
0.0,0.0,0.1010507058138592
0.0,1.0,0.7810544363895384
0.0,0.0,0.0
0.0,0.0,0.31486239082196477
0.0,1.0,0.6753923339757008
0.0,0.0,0.11314842788899747
0.0,0.0,0.43116838451118833
0.0,0.0,0.10544875295348351
0.0,0.0,0.46463272041997006
0.0,0.0,0.13086570586268495
0.0,0.0,0.4396263789988678
0.0,0.0,0.1063206541978063
0.0,0.0,0.2546288673008522
0.0,1.0,0.540693879056097
0.0,0.0,0.0
0.0,0.0,0.4377275669032904
0.0,0.0,0.21696673544304418
0.0,1.0,0.6700692615139897
0.0,0.0,0.0
0.0,1.0,0.5426445727141064
0.0,0.0,0.0
0.0,1.0,0.6748466803060323
0.0,0.0,0.20145666325381864
0.0,0.0,0.4524617444293379
0.0,1.0,0.6656278605464645
0.0,0.0,0.2196487512943082
0.0,0.0,0.10842641624766657
0.0,0.0,0.3200606393854919
0.0,1.0,0.6541642651201535
0.0,0.0,0.10935737785398182
0.0,1.0,0.8969071749557324
0.0,0.0,0.19716906972868084
0.0,0.0,0.3478073115999647
0.0,1.0,0.7622668140790885
0.0,0.0,0.2235686622362838
0.0,0.0,0.4378303593407899
0.0,0.0,0.33177873517239725
0.0,0.0,0.3321334955988021
0.0,0.0,0.0
0.0,1.0,0.7806548148674363
0.0,0.0,0.1019459707535992
0.0,0.0,0.10736365653064966
0.0,1.0,0.8056400378142758
0.0,0.0,0.16017779802050938
0.0,0.0,0.45220790962486024
0.0,0.0,0.21848067402299692
0.0,0.0,0.11769600193133035
0.0,0.0,0.10572164614977277
0.0,0.0,0.12280427604855942
0.0,0.0,0.0
0.0,0.0,0.33205249604160214
0.0,1.0,0.7818429925959949
0.0,0.0,0.1059098848836018
0.0,0.0,0.2077270293508581
0.0,0.0,0.3245201008295068
0.0,1.0,0.8839918516668646
0.0,1.0,0.7815285572069782
0.0,1.0,0.6165548722463192
0.0,0.0,0.22347443603609232
0.0,0.0,0.10208553882015034
0.0,0.0,0.21376582534098468
0.0,0.0,0.22165857821320684
0.0,0.0,0.3443513494626261
0.0,0.0,0.3260972136533645
0.0,0.0,0.2146091546013817
0.0,0.0,0.42262906141939627
0.0,1.0,0.5440763872123069
0.0,0.0,0.2284572627848685
0.0,0.0,0.0
0.0,0.0,0.44157055315337945
0.0,0.0,0.1270985889315963
0.0,0.0,0.21376979563582335
0.0,0.0,0.2243026729259431
0.0,0.0,0.41620600827293475
0.0,0.0,0.4510568709767506
0.0,0.0,0.11977786449290545
0.0,1.0,0.8870984072144709
0.0,0.0,0.2242253680671088
0.0,0.0,0.0
0.0,0.0,0.2135267681741092
0.0,0.0,0.1554074561785617
0.0,0.0,0.42302530686189793
0.0,1.0,0.5615318058391519
0.0,0.0,0.11365341509504547
0.0,1.0,0.7560809256018955
0.0,0.0,0.10706876551315572
0.0,0.0,0.0
0.0,0.0,0.1048217247166698
0.0,0.0,0.45429399081065336
0.0,0.0,0.21435057113173478
0.0,0.0,0.13190147141649664
0.0,0.0,0.0
0.0,0.0,0.4254847118834853
0.0,0.0,0.4535066249984892
0.0,0.0,0.46477121995561044
0.0,0.0,0.10874888161728767
0.0,0.0,0.44533627939178894
0.0,0.0,0.0
0.0,0.0,0.34144831533611025
0.0,0.0,0.0
0.0,1.0,0.5491396037065952
0.0,0.0,0.34105843426846943
0.0,0.0,0.2571774426175124
0.0,0.0,0.32727971194946665
0.0,0.0,0.4193212803595668
0.0,0.0,0.322234385698717
0.0,0.0,0.0
0.0,1.0,0.903279671495669
0.0,0.0,0.0
0.0,1.0,0.8820673610779812
0.0,0.0,0.3271146827467438
0.0,1.0,0.5506403681790994
0.0,0.0,0.45047070844581966
0.0,0.0,0.4311817342606554
0.0,0.0,0.3824841919275343
0.0,0.0,0.3157112456626427
0.0,1.0,0.5597581358469328
0.0,0.0,0.19166860285201173
0.0,0.0,0.0
0.0,0.0,0.10687845825626205
0.0,0.0,0.11260290323912868
0.0,0.0,0.0
0.0,1.0,0.8906079209452353
0.0,0.0,0.45690318498652166
0.0,0.0,0.10816113701200579
0.0,1.0,0.779376126818728
0.0,0.0,0.11181729999698702
0.0,0.0,0.10629807750816082
0.0,1.0,0.6762927056857835
0.0,0.0,0.21061479587694426
0.0,1.0,0.7873606744747005
0.0,0.0,0.31178360568832314
0.0,0.0,0.0
0.0,1.0,0.6620847838047509
0.0,0.0,0.21332380666968975
0.0,0.0,0.22178059298383718
0.0,0.0,0.11078602971778913
0.0,0.0,0.4308668403548243
0.0,0.0,0.4342314350849834
0.0,1.0,0.6752610001938172
0.0,1.0,1.0
0.0,0.0,0.3504651267855078
0.0,0.0,0.21457542045660963
0.0,0.0,0.10821670491023558
0.0,0.0,0.20461777660686042
0.0,0.0,0.33278041765590266
0.0,0.0,0.10956968210542982
0.0,0.0,0.10988672189429562
0.0,1.0,0.888779574661599
0.0,0.0,0.4515837429145619
0.0,0.0,0.10453813849205666
0.0,0.0,0.2108451881072794
0.0,0.0,0.0
0.0,0.0,0.3238442734317966
0.0,1.0,0.8926830595797532
0.0,0.0,0.33594748449090905
0.0,0.0,0.24205798787463512
0.0,0.0,0.11136224013312117
0.0,0.0,0.21627959121943705
0.0,0.0,0.32261159715720206
0.0,0.0,0.0
0.0,0.0,0.0
0.0,0.0,0.2113392548389379
0.0,0.0,0.3233539859934067
0.0,1.0,0.5539954168211066
0.0,0.0,0.0
0.0,0.0,0.3568396391281355
0.0,0.0,0.2158129249206565
0.0,0.0,0.3389363917205085
0.0,0.0,0.3112456937133547
0.0,0.0,0.0
0.0,0.0,0.20832188597432125
0.0,1.0,0.7793937581424587
0.0,0.0,0.10769080041046188
0.0,0.0,0.22901907075579
0.0,0.0,0.34318113373765896
0.0,0.0,0.22241549565597563
0.0,0.0,0.4651343401991164
0.0,1.0,0.6114892549245232
0.0,0.0,0.10312153974456371
0.0,0.0,0.0
0.0,0.0,0.32732617061398633
0.0,0.0,0.0
0.0,1.0,0.7620058486402381
0.0,0.0,0.23576627342381484
0.0,0.0,0.3414993500842768
0.0,0.0,0.4576052875113137
0.0,0.0,0.33532429456044965
0.0,0.0,0.4585424647021765
0.0,0.0,0.4604663682737711
0.0,1.0,0.5585165500874123
0.0,0.0,0.22522101013390536
0.0,1.0,0.6632292150110399
0.0,0.0,0.10851862687563027
0.0,0.0,0.467771225691163
0.0,0.0,0.0
0.0,0.0,0.0
0.0,0.0,0.2313275010281406
0.0,0.0,0.44141731056713107
0.0,0.0,0.4514103606638996
0.0,0.0,0.33966794914995685
0.0,0.0,0.10523373285826994
0.0,1.0,0.5725251743794508
0.0,0.0,0.0
0.0,0.0,0.10266615021821228
0.0,0.0,0.10943903342158348
0.0,0.0,0.3527388096382605
0.0,0.0,0.33640487811087694
0.0,0.0,0.11586541118516326
0.0,0.0,0.0
0.0,0.0,0.2150957559199442
0.0,1.0,0.6586327813748888
0.0,0.0,0.32930474798773446
0.0,0.0,0.33281094776489883
0.0,1.0,0.5601330436194648
0.0,0.0,0.3413762838862087
0.0,0.0,0.4332904116929492
0.0,0.0,0.3417449230490414
0.0,0.0,0.0
0.0,0.0,0.3489478556272914
0.0,1.0,0.8023015242838113
0.0,1.0,0.6418365764105495
0.0,0.0,0.11154963872608524
0.0,1.0,0.561223498117834
0.0,0.0,0.35811654439715634
0.0,0.0,0.21697474739707837
0.0,0.0,0.0
0.0,1.0,0.772732537590901
0.0,0.0,0.2188710698153455
0.0,0.0,0.21483037949901682
0.0,0.0,0.09843226906526549
0.0,0.0,0.3156125151319037
0.0,1.0,0.5606468359356614
0.0,1.0,0.6774630859446006
0.0,0.0,0.21579915964891608
0.0,0.0,0.21224258112707056
0.0,0.0,0.3111149093834691
0.0,0.0,0.10008685030010393
0.0,0.0,0.22778831877008066
0.0,0.0,0.2214520638196692
0.0,0.0,0.0
0.0,0.0,0.45229692714852654
0.0,0.0,0.43168099775188185
0.0,0.0,0.11080575296079521
0.0,0.0,0.0
0.0,1.0,0.5365668765623733
0.0,0.0,0.3376130556476662
0.0,1.0,0.6568987540494158
0.0,0.0,0.351537770036155
0.0,0.0,0.0
0.0,0.0,0.33887167677908964
0.0,0.0,0.12370899416003965
0.0,1.0,0.5506828420027242
0.0,1.0,0.551128544084544
0.0,0.0,0.11075798424329722
0.0,0.0,0.09998312461691826
0.0,0.0,0.24711503018318165
0.0,0.0,0.37117387075705
0.0,0.0,0.43356441650407535
0.0,0.0,0.0
0.0,0.0,0.0
0.0,0.0,0.0
0.0,0.0,0.21757603366310052
0.0,0.0,0.10626379560867544
0.0,0.0,0.331074630863945
0.0,0.0,0.11726723895362476
0.0,1.0,0.6395883569406786
0.0,0.0,0.2281290698217287
0.0,0.0,0.43921110877646763
0.0,1.0,0.8967237976793226
0.0,0.0,0.31636792326925695
0.0,1.0,0.7774286304577981
0.0,0.0,0.4310003253661108
0.0,0.0,0.33079364966753183
0.0,0.0,0.228820578140099
0.0,1.0,0.5476416249422549
0.0,1.0,0.5463404687211759
0.0,0.0,0.31421476638838003
0.0,0.0,0.0
0.0,0.0,0.3070177745449659
0.0,1.0,0.5589795150137619
0.0,0.0,0.0
0.0,0.0,0.0
0.0,0.0,0.3179762740528797
0.0,0.0,0.11741099785259176
0.0,1.0,0.5448905567807396
0.0,1.0,1.0
0.0,0.0,0.0
0.0,0.0,0.0
0.0,1.0,0.6002699067361384
0.0,0.0,0.3467487936328569
0.0,0.0,0.4460038957266812
0.0,1.0,0.6848502421048023
0.0,1.0,0.5357213226472392
0.0,0.0,0.3604469790972625
0.0,0.0,0.43209997258244154
0.0,1.0,0.6562142474720201
0.0,0.0,0.2075172161782551
0.0,0.0,0.44199173940682873
