labels,scores
Postitive,0.187739347414
Postitive,0.0274511089551
Postitive,0.724971538606
Postitive,0.0726495541854
Postitive,0.231418794259
Postitive,0.615455881715
Postitive,0.980285573401
Postitive,0.955986537908
Postitive,0.169562694038
Postitive,0.868204158676
Postitive,0.646593647227
Postitive,0.812739334175
Postitive,0.139886014854
Postitive,0.315555001554
Postitive,0.933566616621
Postitive,0.546389773102
Postitive,0.637995854112
Postitive,0.607451185596
Postitive,0.888073839383
Postitive,0.0300674988068
Postitive,0.911564738056
Postitive,0.450656585019
Postitive,0.43079943404
Postitive,0.794800450817
Postitive,0.221610391426
Postitive,0.771316188845
Postitive,0.747561437683
Postitive,0.940807900629
Postitive,0.199137099704
Postitive,0.612185409363
Postitive,0.967649960751
Postitive,0.959440436562
Postitive,0.4192021806
Postitive,0.555393630413
Postitive,0.887967033397
Postitive,0.966514797219
Postitive,0.541369787542
Postitive,0.589906008776
Postitive,0.136976361496
Postitive,0.0162295743576
Postitive,0.967530060113
Postitive,0.228911986557
Postitive,0.630698785267
Postitive,0.411726937933
Postitive,0.909752631781
Postitive,0.101739000532
Postitive,0.964064702991
Postitive,0.864033351169
Postitive,0.8844763174
Postitive,0.742249586077
Postitive,0.812114679959
Postitive,0.882263891902
Postitive,0.295147053248
Postitive,0.442629069853
Postitive,0.845013842017
Postitive,0.832613904176
Postitive,0.0689313527315
Postitive,0.953022348599
Postitive,0.843852604931
Postitive,0.268042767922
Postitive,0.067654753384
Postitive,0.255604718997
Postitive,0.069424658144
Postitive,0.59845910833
Postitive,0.637103856648
Postitive,0.686415057486
Postitive,0.868382669844
Postitive,0.829882796674
Postitive,0.0282900883426
Postitive,0.725495095939
Postitive,0.0561988032279
Postitive,0.0711680275159
Postitive,0.940335395702
Postitive,0.717844055343
Postitive,0.776431692896
Postitive,0.542030884249
Postitive,0.48301358867
Postitive,0.156309584677
Postitive,0.885221943146
Postitive,0.961783038783
Postitive,0.709651373557
Postitive,0.86720242402
Postitive,0.853206950747
Postitive,0.682849070427
Postitive,0.729739326436
Postitive,0.5
Postitive,0.180023713119
Postitive,0.376277590011
Postitive,0.790693810566
Postitive,0.713788099377
Postitive,0.931890671697
Postitive,0.2464438787
Postitive,0.26306732325
Postitive,0.784431416795
Postitive,0.923633934816
Postitive,0.98937395656
Postitive,0.153244252684
Postitive,0.795558021493
Postitive,0.899963873821
Postitive,0.630588600952
Postitive,0.587065299737
Postitive,0.878957584379
Postitive,0.400039150705
Postitive,0.198512621888
Postitive,0.734365411147
Postitive,0.85705831646
Postitive,0.965231884008
Postitive,0.850484950623
Postitive,0.0431142883125
Postitive,0.953969325572
Postitive,0.782007355762
Postitive,0.915267922004
Postitive,0.0246270724565
Postitive,0.931992229279
Postitive,0.937531953252
Postitive,0.262922272691
Postitive,0.951060226584
Postitive,0.964148639691
Postitive,0.899216206084
Postitive,0.896856670836
Postitive,0.675341986054
Postitive,0.787764370354
Postitive,0.75160528766
Postitive,0.925982999766
Postitive,0.711576975329
Postitive,0.802561159638
Postitive,0.132961181662
Postitive,0.829917530545
Postitive,0.926493076536
Postitive,0.864921455156
Postitive,0.92438149992
Postitive,0.191549539208
Postitive,0.986877579203
Postitive,0.78285598878
Postitive,0.897317582597
Postitive,0.886268029705
Postitive,0.54582049398
Postitive,0.168341256676
Postitive,0.838949538194
Postitive,0.977769827472
Postitive,0.900273206737
Postitive,0.52887881227
Postitive,0.927957077614
Postitive,0.883003776652
Postitive,0.28976879459
Postitive,0.52732443986
Postitive,0.830120958131
Postitive,0.951974075369
Postitive,0.950670719648
Postitive,0.83552958696
Postitive,0.820190215715
Postitive,0.796273269917
Postitive,0.699471941788
Postitive,0.570488759685
Postitive,0.313916680132
Postitive,0.879770021386
Postitive,0.857587425569
Postitive,0.958834989627
Postitive,0.771590534091
Postitive,0.823575550448
Postitive,0.194504414338
Postitive,0.419331450927
Postitive,0.915604339842
Postitive,0.455525124711
Postitive,0.115719890895
Postitive,0.263798250368
Postitive,0.875482083009
Postitive,0.35670445808
Postitive,0.168104142162
Postitive,0.681249145515
Postitive,0.887406802712
Postitive,0.917655728625
Postitive,0.525217843441
Postitive,0.730452499241
Postitive,0.82845707057
Postitive,0.906933591806
Postitive,0.213266912223
Postitive,0.951912059221
Postitive,0.718323587762
Postitive,0.43839653368
Postitive,0.53165951227
Postitive,0.223843653619
Postitive,0.975883209708
Postitive,0.895776236998
Postitive,0.809334866964
Postitive,0.94998233269
Postitive,0.79557786328
Postitive,0.875217016177
Postitive,0.401125631465
Postitive,0.806023535921
Postitive,0.453728983142
Postitive,0.914353621215
Postitive,0.0511624848453
Postitive,0.315443871813
Postitive,0.759036717043
Postitive,0.978008176102
Postitive,0.983376512943
Postitive,0.736096159896
Postitive,0.707880107342
Postitive,0.484984887136
Postitive,0.097038006057
Postitive,0.798186370061
Postitive,0.156859750986
Postitive,0.972571867933
Postitive,0.567850159999
Postitive,0.706196540183
Postitive,0.755518611602
Postitive,0.898415291647
Postitive,0.305812607798
Postitive,0.974267449387
Postitive,0.331272413776
Postitive,0.299508683555
Postitive,0.16484085347
Postitive,0.940772426585
Postitive,0.583063017378
Postitive,0.748640951756
Postitive,0.557116968216
Postitive,0.166421261214
Postitive,0.0588710842928
Postitive,0.179918295094
Postitive,0.71566076021
Postitive,0.718973741003
Postitive,0.407292451454
Postitive,0.891237506311
Postitive,0.755894238216
Postitive,0.799325048752
Postitive,0.318781921528
Postitive,0.0864749779214
Postitive,0.577554120384
Postitive,0.0566628882494
Postitive,0.588610175695
Postitive,0.224910565596
Postitive,0.763115494209
Postitive,0.518225794993
Postitive,0.812685307365
Postitive,0.580318796833
Postitive,0.694080463788
Postitive,0.90116119437
Postitive,0.955344137868
Postitive,0.45588994968
Postitive,0.356780176651
Postitive,0.733848391405
Postitive,0.233972405629
Postitive,0.919867067249
Postitive,0.690355057976
Postitive,0.821069567283
Postitive,0.897434412776
Postitive,0.620049935648
Postitive,0.687009462007
Postitive,0.5
Postitive,0.367644844279
Postitive,0.974962160503
Postitive,0.89568502853
Postitive,0.345284556804
Postitive,0.830588450713
Postitive,0.929622471682
Postitive,0.790675940505
Postitive,0.8499035513
Postitive,0.664158476818
Postitive,0.879264260931
Postitive,0.531526622031
Postitive,0.097008445746
Postitive,0.950002304654
Postitive,0.724860548628
Postitive,0.898582814928
Postitive,0.649758941315
Postitive,0.870487059312
Postitive,0.712318083374
Postitive,0.711256900981
Postitive,0.863413236647
Postitive,0.852339541882
Postitive,0.579634922405
Postitive,0.946426425029
Postitive,0.9415664297
Postitive,0.969856065166
Postitive,0.184624905023
Postitive,0.578541277431
Postitive,0.0553785114518
Postitive,0.747700863532
Postitive,0.578574316307
Postitive,0.8292503842
Postitive,0.711897012046
Postitive,0.518359787
Postitive,0.639050532568
Postitive,0.475507053609
Postitive,0.646317041364
Postitive,0.961931652356
Postitive,0.967975170429
Postitive,0.716811295672
Postitive,0.856927750722
Postitive,0.838499043018
Postitive,0.373117632162
Postitive,0.938228195334
Postitive,0.758604837795
Postitive,0.919500850304
Postitive,0.940453639033
Postitive,0.260688638945
Postitive,0.109709317022
Postitive,0.522602124131
Postitive,0.0124812875218
Postitive,0.765758070954
Postitive,0.29881329046
Postitive,0.744837331594
Postitive,0.460229106956
Postitive,0.81225507961
Postitive,0.958170974062
Postitive,0.518375521642
Postitive,0.11225847466
Postitive,0.568262942002
Postitive,0.848236918631
Postitive,0.864953099236
Postitive,0.557188397797
Postitive,0.842845186163
Postitive,0.819800242509
Postitive,0.896519370197
Postitive,0.940808230431
Postitive,0.971992252953
Postitive,0.736146837054
Postitive,0.4129811063
Postitive,0.684953265127
Postitive,0.545018573093
Postitive,0.924168950004
Postitive,0.954001745956
Postitive,0.854560377831
Postitive,0.924578104399
Postitive,0.985745836029
Postitive,0.569999484946
Postitive,0.894900779094
Postitive,0.813702057917
Postitive,0.516943572299
Postitive,0.903394490419
Postitive,0.888859610691
Postitive,0.134432749509
Postitive,0.828952605515
Postitive,0.512707267985
Postitive,0.860663261552
Postitive,0.56046955355
Postitive,0.960724963253
Postitive,0.678656470112
Postitive,0.835269777501
Postitive,0.911115846467
Postitive,0.315884308013
Postitive,0.695050122433
Postitive,0.755230301653
Postitive,0.33468664318
Postitive,0.465220216534
Postitive,0.824726965496
Postitive,0.724508841176
Postitive,0.830672873168
Postitive,0.702121620089
Postitive,0.693527947422
Postitive,0.851169088359
Postitive,0.525477559234
Postitive,0.0700153423266
Postitive,0.893761510159
Postitive,0.888037708651
Postitive,0.222812995442
Postitive,0.790740541501
Postitive,0.932126842045
Postitive,0.940999692356
Postitive,0.745891814165
Postitive,0.96020779746
Postitive,0.786322170968
Postitive,0.729397917534
Postitive,0.922265314304
Postitive,0.662424936511
Postitive,0.939991391491
Postitive,0.92221603484
Postitive,0.613019114872
Postitive,0.592548277087
Postitive,0.960963012285
Postitive,0.902012574302
Postitive,0.920755742948
Postitive,0.26857887209
Postitive,0.925085554545
Postitive,0.742047846591
Postitive,0.659928487544
Postitive,0.816781929782
Postitive,0.876401979919
Postitive,0.805599111178
Postitive,0.807928392756
Postitive,0.805129273486
Postitive,0.64612210864
Postitive,0.160488862004
Postitive,0.962967876596
Postitive,0.950360134611
Postitive,0.902146118468
Postitive,0.818623754259
Postitive,0.808645215782
Postitive,0.801380811495
Postitive,0.890980698368
Postitive,0.248238702047
Postitive,0.831779172962
Postitive,0.463441186133
Postitive,0.946984255935
Postitive,0.966164083529
Postitive,0.806686968142
Postitive,0.530311265614
Postitive,0.856970234428
Postitive,0.636741596593
Postitive,0.803032668535
Postitive,0.894851333445
Postitive,0.892188854216
Postitive,0.912754570596
Postitive,0.614087094954
Postitive,0.830538889216
Postitive,0.830413409335
Postitive,0.72955130724
Postitive,0.782871005992
Postitive,0.573306755491
Postitive,0.67750611914
Postitive,0.638649953037
Postitive,0.855671912332
Postitive,0.830289665504
Postitive,0.95729305748
Postitive,0.882795538192
Postitive,0.84973360979
Postitive,0.967553852034
Postitive,0.701500666803
Postitive,0.722688726292
Postitive,0.440733162274
Postitive,0.855980399869
Postitive,0.994157237152
Postitive,0.916219339956
Postitive,0.923171185195
Postitive,0.932865455875
Postitive,0.761898256115
Postitive,0.307473246561
Postitive,0.781389607819
Postitive,0.762375601117
Postitive,0.857580615789
Postitive,0.895098237289
Postitive,0.722690597426
Postitive,0.768977322719
Postitive,0.767689470285
Postitive,0.850270212837
Postitive,0.834336768685
Postitive,0.952108209358
Postitive,0.829064036987
Postitive,0.862888899326
Postitive,0.97674969995
Postitive,0.330491386399
Postitive,0.959254391226
Postitive,0.0513082106745
Postitive,0.301792408184
Postitive,0.763663248639
Postitive,0.61631593688
Postitive,0.508483364589
Postitive,0.678824711134
Postitive,0.473480394875
Postitive,0.519853748746
Postitive,0.444868501654
Postitive,0.875957648134
Postitive,0.8743165768
Postitive,0.289080260087
Postitive,0.814369110492
Postitive,0.15812155404
Postitive,0.942160931789
Postitive,0.868684716665
Postitive,0.984832172151
Postitive,0.913372245321
Postitive,0.562188782091
Postitive,0.868407990624
Postitive,0.720132993844
Postitive,0.719505841148
Postitive,0.956417094625
Postitive,0.966379187378
Postitive,0.838792791695
Postitive,0.845862134688
Postitive,0.934448898393
Postitive,0.890455131773
Postitive,0.300167265956
Postitive,0.718159240958
Postitive,0.83291037352
Postitive,0.886902479703
Postitive,0.912288654298
Postitive,0.470807452667
Postitive,0.781439986112
Postitive,0.770147015478
Postitive,0.196040480174
Postitive,0.796359946965
Postitive,0.938465832601
Postitive,0.967091822826
Postitive,0.85953132077
Postitive,0.767570037769
Postitive,0.845071200407
Postitive,0.694508097664
Postitive,0.212292651759
Postitive,0.966151558507
Postitive,0.582009006455
Postitive,0.376116927178
Postitive,0.703919723804
Postitive,0.910943590659
Postitive,0.80617862146
Postitive,0.234723825239
Postitive,0.838477598807
Postitive,0.910561239045
Postitive,0.734223779776
Postitive,0.781214932738
Postitive,0.770017166283
Postitive,0.877928279606
Postitive,0.928343783867
Postitive,0.788720784382
Postitive,0.939591665608
Postitive,0.916446723311
Postitive,0.634899693999
Postitive,0.644936416991
Postitive,0.863707083798
Postitive,0.861253378647
Postitive,0.754119010012
Postitive,0.557893120751
Postitive,0.855175994477
Postitive,0.864592613461
Postitive,0.436920509628
Postitive,0.396261971041
Postitive,0.914239003655
Postitive,0.636805560629
Postitive,0.752564319213
Postitive,0.579107548166
Postitive,0.756019864836
Postitive,0.917505827769
Postitive,0.824690887971
Postitive,0.144545732401
Postitive,0.424818989259
Postitive,0.726290169021
Postitive,0.939792824742
Postitive,0.761658895735
Postitive,0.770605331677
Postitive,0.370405907537
Postitive,0.544720885399
Postitive,0.676265640848
Postitive,0.951712850654
Postitive,0.840679280092
Postitive,0.832009575473
Postitive,0.35441323091
Postitive,0.810931919911
Postitive,0.5
Postitive,0.810879049032
Postitive,0.726600470258
Postitive,0.493663124344
Postitive,0.919573027491
Postitive,0.82145853045
Postitive,0.713242216721
Postitive,0.756360443525
Postitive,0.839059192918
Postitive,0.807071036676
Postitive,0.223369368751
Postitive,0.850270787203
Postitive,0.428815614245
Postitive,0.879771106973
Postitive,0.872182054311
Postitive,0.968085637427
Postitive,0.903812114788
Postitive,0.365643703978
Postitive,0.863582517064
Postitive,0.543306994387
Postitive,0.962478521458
Postitive,0.914264555051
Postitive,0.954550711746
Postitive,0.31393183131
Postitive,0.958688102126
Postitive,0.782493564537
Postitive,0.687756866745
Postitive,0.465644162584
Postitive,0.217378340509
Postitive,0.980669902455
Postitive,0.720159155499
Postitive,0.949199852941
Postitive,0.851741186959
Postitive,0.582062167025
Postitive,0.860787717626
Postitive,0.899795560454
Postitive,0.960124052728
Postitive,0.927594163942
Postitive,0.891960741513
Postitive,0.727127413371
Postitive,0.720452576127
Postitive,0.835691459331
Postitive,0.813959278235
Postitive,0.75236343095
Postitive,0.829396948848
Postitive,0.413757877811
Postitive,0.177265319469
Postitive,0.739600765093
Postitive,0.617908101457
Postitive,0.56611358764
Postitive,0.942938804741
Postitive,0.351344428717
Postitive,0.818847618656
Postitive,0.384753463443
Postitive,0.896666843294
Postitive,0.435034210743
Postitive,0.95851149748
Postitive,0.944374832709
Postitive,0.978466551811
Postitive,0.722583441941
Postitive,0.752605652391
Postitive,0.709541524563
Postitive,0.862720235915
Postitive,0.492751904459
Postitive,0.935141520564
Postitive,0.547800571536
Postitive,0.852855359127
Postitive,0.554890954965
Postitive,0.658047423913
Postitive,0.84725073843
Postitive,0.711803294136
Postitive,0.848434983404
Postitive,0.913038813196
Postitive,0.306415226536
Postitive,0.686647756248
Postitive,0.686999564929
Postitive,0.465663326636
Postitive,0.802338012886
Postitive,0.416091342947
Postitive,0.4691175467
Postitive,0.292766932078
Postitive,0.947210028137
Postitive,0.951854898515
Postitive,0.455045153932
Postitive,0.825941765731
Postitive,0.824759635138
Postitive,0.55141961664
Postitive,0.877091998708
Postitive,0.81409392519
Postitive,0.720662831146
Postitive,0.892118619723
Postitive,0.892375184531
Postitive,0.377757631288
Postitive,0.42237297258
Postitive,0.445947683039
Postitive,0.270177246109
Postitive,0.953870777685
Postitive,0.696964166893
Postitive,0.694900683116
Postitive,0.965470668268
Postitive,0.874457471954
Postitive,0.802147252458
Postitive,0.814546168148
Postitive,0.906001136147
Postitive,0.873300380988
Postitive,0.669766741891
Postitive,0.858988744822
Postitive,0.936630443141
Postitive,0.681718928257
Postitive,0.849324878202
Postitive,0.889261858512
Postitive,0.661254474141
Postitive,0.948358174465
Postitive,0.837049029279
Postitive,0.662193147985
Postitive,0.485442594564
Postitive,0.22895975346
Postitive,0.568702540577
Postitive,0.957610309433
Postitive,0.781475148825
Postitive,0.887558306769
Postitive,0.588949432489
Postitive,0.860523022143
Postitive,0.48674561226
Postitive,0.960013497567
Postitive,0.76373139677
Postitive,0.146549379037
Postitive,0.723814718732
Postitive,0.739743979026
Postitive,0.816950966626
Postitive,0.150709863988
Postitive,0.630466801761
Postitive,0.519507703914
Postitive,0.624353661712
Postitive,0.620837578155
Postitive,0.300471083833
Postitive,0.830434220074
Postitive,0.771900454368
Postitive,0.477294766056
Postitive,0.803812034121
Postitive,0.70257212461
Postitive,0.798396503063
Postitive,0.86729601682
Postitive,0.652523623452
Postitive,0.696475921057
Postitive,0.530527669147
Postitive,0.976221714656
Postitive,0.0933955589912
Postitive,0.946527826595
Postitive,0.778028533547
Postitive,0.81318727495
Postitive,0.766455210915
Postitive,0.59610616299
Postitive,0.796409259761
Postitive,0.600805492196
Postitive,0.934435925678
Postitive,0.887747146453
Postitive,0.968457125746
Postitive,0.858310227502
Postitive,0.538670788055
Postitive,0.867208311245
Postitive,0.109179254166
Postitive,0.785139042602
Postitive,0.863172390996
Postitive,0.842383092429
Postitive,0.247036849233
Postitive,0.833777687921
Postitive,0.942681767961
Postitive,0.59577536237
Postitive,0.484398561918
Postitive,0.972030291828
Postitive,0.809076246839
Postitive,0.831596237529
Postitive,0.716445872411
Postitive,0.957675426264
Postitive,0.114482096168
Postitive,0.389180280383
Postitive,0.541389358697
Postitive,0.910749245207
Postitive,0.924005159837
Postitive,0.854753332083
Postitive,0.705772544021
Postitive,0.67248128066
Postitive,0.540663607134
Postitive,0.770247157051
Postitive,0.656145231159
Postitive,0.675790208985
Postitive,0.283089316017
Postitive,0.847995083931
Postitive,0.830907436194
Postitive,0.35989365507
Postitive,0.828696912097
Postitive,0.765938461334
Postitive,0.183042939983
Postitive,0.955570869971
Postitive,0.75400308513
Postitive,0.785233440018
Postitive,0.829362897008
Postitive,0.91500560354
Postitive,0.0627939596493
Postitive,0.867892851055
Postitive,0.102689593406
Postitive,0.771786741277
Postitive,0.953468526895
Postitive,0.854302938181
Postitive,0.666048370885
Postitive,0.203810056723
Postitive,0.619281044805
Postitive,0.671926514304
Postitive,0.60853456142
Postitive,0.948612204247
Postitive,0.888770816341
Postitive,0.82394858404
Postitive,0.738337072513
Postitive,0.798495748718
Postitive,0.900195941223
Postitive,0.850700081196
Postitive,0.654788602136
Postitive,0.907307610461
Postitive,0.610114004323
Postitive,0.67613376026
Postitive,0.312093943764
Postitive,0.847692375118
Postitive,0.973500390865
Postitive,0.937119175497
Postitive,0.630943937628
Postitive,0.428399748175
Postitive,0.200402377741
Postitive,0.564991361487
Postitive,0.737091888038
Postitive,0.944202797467
Postitive,0.755002757096
Postitive,0.937802356384
Postitive,0.659650185019
Postitive,0.825303702382
Postitive,0.799351303888
Postitive,0.994663129741
Postitive,0.880924421786
Postitive,0.890214509659
Postitive,0.790174195362
Postitive,0.800581611483
Postitive,0.84428992488
Postitive,0.61479306303
Postitive,0.562146117696
Postitive,0.895052836635
Postitive,0.0351696287913
Postitive,0.383623297111
Postitive,0.834286226526
Postitive,0.808702088209
Postitive,0.760026841623
Postitive,0.724200224978
Postitive,0.920448948595
Postitive,0.95976420283
Postitive,0.386661989452
Postitive,0.765664097184
Postitive,0.732630426902
Postitive,0.83430166088
Postitive,0.75592437375
Postitive,0.990472105676
Postitive,0.63431902438
Postitive,0.89524424578
Postitive,0.849110695425
Postitive,0.888833490984
Postitive,0.317287827091
Postitive,0.708747811639
Postitive,0.572987867705
Postitive,0.12285455351
Postitive,0.711688779976
Postitive,0.950515005425
Postitive,0.544172062387
Postitive,0.5
Postitive,0.908606826883
Postitive,0.926718220546
Postitive,0.680274296475
Postitive,0.804278599942
Postitive,0.420797476464
Postitive,0.422210559285
Postitive,0.817860681207
Postitive,0.470860491995
Postitive,0.623066384288
Postitive,0.962866312495
Postitive,0.674873968176
Postitive,0.517948168385
Postitive,0.720084604836
Postitive,0.365345744317
Postitive,0.125635640349
Postitive,0.962787294462
Postitive,0.994712739399
Postitive,0.775669856416
Postitive,0.704630898168
Postitive,0.872029722361
Postitive,0.242329277162
Postitive,0.481931703115
Postitive,0.755945138528
Postitive,0.856093233282
Postitive,0.289539056149
Postitive,0.937341783488
Postitive,0.98732382648
Postitive,0.579145704943
Postitive,0.626836230717
Postitive,0.949680786318
Postitive,0.568807159531
Postitive,0.659042945056
Postitive,0.948621984409
Postitive,0.756849703102
Postitive,0.588810111877
Postitive,0.778568414459
Postitive,0.560427267604
Postitive,0.879157689364
Postitive,0.914154247197
Postitive,0.411513234784
Postitive,0.030962342233
Postitive,0.903949805869
Postitive,0.922727350196
Postitive,0.920545268428
Postitive,0.96517880513
Postitive,0.41466408076
Postitive,0.731774426439
Postitive,0.817485333587
Postitive,0.859940036343
Postitive,0.609975909754
Postitive,0.879533940623
Postitive,0.930655927618
Postitive,0.381038389476
Postitive,0.866585748894
Postitive,0.97410372116
Postitive,0.892639797086
Postitive,0.0803814778342
Postitive,0.12908363982
Postitive,0.905654009233
Postitive,0.863663838432
Postitive,0.365834504265
Postitive,0.91888666037
Postitive,0.860455077004
Postitive,0.783964156454
Postitive,0.878592325532
Postitive,0.814844528756
Postitive,0.35674899246
Postitive,0.843275685122
Postitive,0.279566001843
Postitive,0.803757130467
Postitive,0.839054702997
Postitive,0.818215789738
Postitive,0.813668543517
Postitive,0.934062780395
Postitive,0.96028708074
Postitive,0.315460692294
Postitive,0.797457801711
Postitive,0.683301541003
Postitive,0.562988629228
Postitive,0.902392388031
Postitive,0.971578096336
Postitive,0.785178544033
Postitive,0.244441231469
Postitive,0.834108711793
Postitive,0.469365930935
Postitive,0.461481420601
Postitive,0.873617361902
Postitive,0.7258550312
Postitive,0.936544308212
Postitive,0.2154459007
Postitive,0.749694300704
Postitive,0.834156930836
Postitive,0.804365788676
Postitive,0.655004080163
Postitive,0.723059531231
Postitive,0.958854516824
Postitive,0.970057475055
Postitive,0.924731129921
Postitive,0.76781008181
Postitive,0.773917267471
Postitive,0.901860645904
Postitive,0.525367415346
Postitive,0.975829458804
Postitive,0.572380080191
Postitive,0.959775759383
Postitive,0.722022073224
Postitive,0.976647248861
Postitive,0.863375426485
Postitive,0.0454155569765
Postitive,0.594102885376
Postitive,0.409487719805
Postitive,0.97690711669
Postitive,0.864948234363
Postitive,0.117455665144
Postitive,0.982239156612
Postitive,0.894502349391
Postitive,0.850069060749
Postitive,0.550971936844
Postitive,0.675045818296
Postitive,0.853419657013
Postitive,0.82212051503
Postitive,0.708169103079
Postitive,0.969248668143
Postitive,0.960025540197
Postitive,0.876947583788
Postitive,0.92593261679
Postitive,0.365139280308
Postitive,0.91887147402
Postitive,0.719918439533
Postitive,0.450591238238
Postitive,0.376382960533
Postitive,0.222077466456
Postitive,0.62779967944
Postitive,0.0804560784303
Postitive,0.840241069402
Postitive,0.873594980816
Postitive,0.851973653021
Postitive,0.935265064165
Postitive,0.778795886403
Postitive,0.815414972528
Postitive,0.586510054303
Postitive,0.937859636616
Postitive,0.913106226313
Postitive,0.783568918881
Postitive,0.710141023644
Postitive,0.345903348863
Postitive,0.785650437971
Postitive,0.306989633404
Postitive,0.928357079598
Postitive,0.18664122485
Postitive,0.968085847306
Postitive,0.336427539991
Postitive,0.629001905424
Postitive,0.729819626916
Postitive,0.949043629254
Postitive,0.976259021644
Postitive,0.924909829615
Postitive,0.841642226133
Postitive,0.901243453282
Postitive,0.968312621857
Postitive,0.939173885476
Postitive,0.9003358663
Postitive,0.809682757045
Postitive,0.916200761309
Postitive,0.637174735602
Postitive,0.367751532376
Postitive,0.394479262451
Postitive,0.91335784468
Postitive,0.859491322832
Postitive,0.841652103317
Postitive,0.949185212481
Postitive,0.855576167814
Postitive,0.46342139335
Postitive,0.914238384066
Postitive,0.144549441438
Postitive,0.732027730573
Postitive,0.799220572052
Postitive,0.895085404594
Postitive,0.984002675742
Postitive,0.292642836909
Postitive,0.759956511137
Postitive,0.906647877382
Postitive,0.162860026016
Postitive,0.916736619904
Postitive,0.5
Postitive,0.821755514269
Postitive,0.677085688933
Postitive,0.620435991009
Postitive,0.297310434404
Postitive,0.941717451932
Postitive,0.894085333051
Postitive,0.31011036339
Postitive,0.925415452609
Postitive,0.218425257168
Postitive,0.880439681326
Postitive,0.832692157492
Postitive,0.357865194841
Postitive,0.769830234082
Postitive,0.833545031564
Postitive,0.935768933514
Postitive,0.343631970676
Postitive,0.897981991526
Postitive,0.0508910936402
Postitive,0.732813155572
Postitive,0.14516509411
Postitive,0.686038636016
Postitive,0.404921860549
Postitive,0.823529927262
Postitive,0.285050015773
Postitive,0.951652887826
Postitive,0.559351809589
Postitive,0.805924853436
Postitive,0.907773934133
Postitive,0.848397975341
Postitive,0.93729783226
Postitive,0.627790613292
Postitive,0.168839213162
Postitive,0.708423457226
Postitive,0.85526912908
Postitive,0.157555397187
Postitive,0.964021847606
Postitive,0.479398432259
Postitive,0.964896362779
Postitive,0.419553116187
Postitive,0.874493309522
Postitive,0.77933083967
Postitive,0.851882893252
Postitive,0.627641841045
Postitive,0.951768949029
Postitive,0.6914972769
Postitive,0.377277866855
Postitive,0.613668840402
Postitive,0.916468684283
Postitive,0.773598666297
Postitive,0.970324417129
Postitive,0.0191517850198
Postitive,0.880820967228
Postitive,0.486887949603
Postitive,0.964926845642
Postitive,0.618303028917
Postitive,0.868755812861
Postitive,0.915347062794
Postitive,0.540991829441
Postitive,0.081439247114
Postitive,0.880344619834
Postitive,0.808036807064
Postitive,0.915975641835
Postitive,0.314539379829
Postitive,0.959349218526
Postitive,0.782843044178
Postitive,0.925629828028
Postitive,0.82621503328
Postitive,0.971502639008
Postitive,0.464396276469
Postitive,0.312557041301
Postitive,0.365709410193
Postitive,0.121978931614
Postitive,0.386357672473
Postitive,0.581689316006
Postitive,0.971898631072
Postitive,0.609419296305
Postitive,0.971275262323
Postitive,0.92288585806
Postitive,0.963316946009
Postitive,0.597221255372
Postitive,0.834419695767
Postitive,0.86734399866
Postitive,0.939666288327
Postitive,0.29614668585
Postitive,0.869708131117
Postitive,0.937224036825
Postitive,0.867900293536
Postitive,0.825519154781
Postitive,0.560322117032
Postitive,0.970045865524
Postitive,0.668896303533
Postitive,0.852950871454
Postitive,0.738717286833
Postitive,0.293407780103
Postitive,0.100833115272
Postitive,0.456155215201
Postitive,0.96830121073
Postitive,0.904184707294
Postitive,0.923052784282
Postitive,0.872322514068
Postitive,0.964119631901
Postitive,0.912146542535
Postitive,0.892945762858
Postitive,0.947567303794
Postitive,0.61168774237
Postitive,0.866002308222
Postitive,0.773592063647
Postitive,0.586300032526
Postitive,0.27724706348
Postitive,0.952320724238
Postitive,0.683978266011
Postitive,0.631758909513
Postitive,0.977277524402
Postitive,0.798322115183
Postitive,0.485234659817
Postitive,0.956872422205
Postitive,0.565647113281
Postitive,0.949095645903
Postitive,0.740042851136
Postitive,0.591441576113
Postitive,0.919474168336
Postitive,0.333996088603
Postitive,0.0850392818054
Postitive,0.934607573575
Postitive,0.931126398016
Postitive,0.868697126089
Postitive,0.688475562015
Postitive,0.786121030259
Postitive,0.792304067774
Postitive,0.921919271788
Postitive,0.5
Postitive,0.93623401253
Postitive,0.110587268197
Postitive,0.795522544317
Postitive,0.967870090417
Postitive,0.123667994289
Postitive,0.340229960155
Postitive,0.786976543481
Postitive,0.489020511358
Postitive,0.887597464208
Postitive,0.712238111381
Postitive,0.970254930726
Postitive,0.0664444251875
Postitive,0.777646118582
Postitive,0.975752855852
Postitive,0.28851309878
Postitive,0.736121645955
Postitive,0.895389139056
Postitive,0.617163206697
Postitive,0.952669936847
Postitive,0.930841256704
Postitive,0.986540793528
Postitive,0.827518268608
Postitive,0.873164554627
Postitive,0.095001998281
Postitive,0.371405344801
Postitive,0.669842413531
Postitive,0.891735053331
Postitive,0.693123162863
Postitive,0.282195353655
Postitive,0.778639200396
Postitive,0.624957963576
Postitive,0.972199528659
Postitive,0.845289441361
Postitive,0.93886941797
Postitive,0.851776374042
Postitive,0.793754221088
Postitive,0.895557961437
Postitive,0.924905309696
Postitive,0.411161255046
Postitive,0.927294113839
Postitive,0.924514936041
Postitive,0.972241750757
Postitive,0.727192974792
Postitive,0.653833739416
Postitive,0.923046673887
Postitive,0.249036406594
Postitive,0.119821427072
Postitive,0.744105730736
Postitive,0.880466887734
Postitive,0.877088489743
Postitive,0.936183226599
Postitive,0.978411336339
Postitive,0.770584972948
Postitive,0.945191019966
Postitive,0.729401479253
Postitive,0.484346541913
Postitive,0.481718445515
Postitive,0.751096710185
Postitive,0.703965849689
Postitive,0.366668788008
Postitive,0.886325497537
Postitive,0.271583542048
Postitive,0.959693668434
Postitive,0.871937871384
Postitive,0.5
Postitive,0.803573451404
Postitive,0.547591487476
Postitive,0.355696170594
Postitive,0.939038634255
Postitive,0.797439875035
Postitive,0.883595749231
Postitive,0.849204473897
Postitive,0.236030858884
Postitive,0.10718202038
Postitive,0.798634122788
Postitive,0.287622738023
Postitive,0.586938998134
Postitive,0.91558301428
Postitive,0.895148844223
Postitive,0.832477548397
Postitive,0.272594275493
Postitive,0.278066506997
Postitive,0.900577780966
Postitive,0.701753313829
Postitive,0.9550060706
Postitive,0.0755661265586
Postitive,0.883103204077
Postitive,0.864715622076
Postitive,0.92604645895
Postitive,0.711646028995
Postitive,0.407756341722
Postitive,0.677591492782
Postitive,0.750173099494
Postitive,0.510317321129
Postitive,0.913158973723
Postitive,0.42685719741
Postitive,0.5
Postitive,0.915064875924
Postitive,0.651668045506
Postitive,0.945991544636
Postitive,0.97019165569
Postitive,0.737740771169
Postitive,0.942912542282
Postitive,0.982494333017
Postitive,0.928213043742
Postitive,0.767028552072
Postitive,0.624816783739
Postitive,0.631714215552
Postitive,0.92601232138
Postitive,0.97480131014
Postitive,0.983698160665
Postitive,0.851023641116
Postitive,0.595712653101
Postitive,0.189572551609
Postitive,0.916460220554
Postitive,0.834793700882
Postitive,0.687781763807
Postitive,0.881252567288
Postitive,0.873804348467
Postitive,0.893476578143
Postitive,0.754572201397
Postitive,0.887263137047
Postitive,0.911107076527
Postitive,0.904687675181
Postitive,0.838228392645
Postitive,0.867902687615
Postitive,0.721769302139
Postitive,0.883928934015
Postitive,0.661972573508
Postitive,0.337542002068
Postitive,0.558524171002
Postitive,0.678464575122
Postitive,0.867143177913
Postitive,0.5
Postitive,0.464312337534
Postitive,0.915554095971
Postitive,0.230922408886
Postitive,0.0629238699335
Postitive,0.978484251749
Postitive,0.735895623796
Postitive,0.900978431208
Postitive,0.571587489952
Postitive,0.875052878821
Postitive,0.87015341697
Postitive,0.265512096603
Postitive,0.675471778962
Postitive,0.971438468299
Postitive,0.711566149669
Postitive,0.837831314701
Postitive,0.202573189349
Postitive,0.125084326835
Postitive,0.972552840426
Postitive,0.906584522333
Postitive,0.929868093152
Postitive,0.90100753366
Postitive,0.487863636271
Postitive,0.820593811326
Postitive,0.818630920217
Postitive,0.637174654846
Postitive,0.82217466894
Postitive,0.876826263532
Postitive,0.822442952375
Postitive,0.878561524845
Postitive,0.769607393621
Postitive,0.853683332134
Postitive,0.0570020647066
Postitive,0.266150857927
Postitive,0.860010730618
Postitive,0.933541129234
Postitive,0.891004974063
Postitive,0.448528387982
Postitive,0.130974329049
Postitive,0.814627245577
Postitive,0.924024851798
Postitive,0.875433383046
Postitive,0.73991986817
Postitive,0.788025636932
Postitive,0.943485694211
Postitive,0.881259257918
Postitive,0.871286729042
Postitive,0.953193582493
Postitive,0.948038545196
Postitive,0.190818617994
Postitive,0.683261447908
Postitive,0.850991722025
Postitive,0.702124867367
Postitive,0.721167571088
Postitive,0.756071414796
Postitive,0.249720684148
Postitive,0.772299350448
Postitive,0.618194755963
Postitive,0.8651421082
Postitive,0.865205835047
Postitive,0.951324204976
Postitive,0.820360420699
Postitive,0.778885659243
Postitive,0.753631275209
Postitive,0.465064880707
Postitive,0.723908951543
Postitive,0.338996665736
Postitive,0.5
Postitive,0.837461844435
Postitive,0.352511369293
Postitive,0.74901382381
Postitive,0.883887253208
Postitive,0.843706293267
Postitive,0.914533129183
Postitive,0.323222378467
Postitive,0.693366841013
Postitive,0.835002995801
Postitive,0.569337135184
Postitive,0.832646294587
Postitive,0.318977544235
Postitive,0.208844551983
Postitive,0.736965284534
Postitive,0.923207551278
Postitive,0.710242485251
Postitive,0.154106245445
Postitive,0.656543958284
Postitive,0.446094157147
Postitive,0.107536687863
Postitive,0.580864205326
Postitive,0.0890302724932
Postitive,0.940661749183
Postitive,0.557554611417
Postitive,0.942077327025
Postitive,0.0894841742985
Postitive,0.821537112047
Postitive,0.732606158893
Postitive,0.767991126157
Postitive,0.952365096092
Postitive,0.965180760375
Postitive,0.736280036721
Postitive,0.60061266715
Postitive,0.941224101722
Postitive,0.295332060339
Postitive,0.975496407362
Postitive,0.379646383437
Postitive,0.947727093237
Postitive,0.794075178677
Postitive,0.653345927915
Postitive,0.959495499899
Postitive,0.887659122833
Postitive,0.873147908426
Postitive,0.624160600177
Postitive,0.804018791344
Postitive,0.987019711195
Postitive,0.948549188348
Postitive,0.935467913632
Postitive,0.804949745069
Postitive,0.635645646039
Postitive,0.782315014187
Postitive,0.761274558579
Postitive,0.770310195939
Postitive,0.897182317373
Postitive,0.249961359448
Postitive,0.917228192289
Postitive,0.752883391523
Postitive,0.871491755486
Postitive,0.846863542484
Postitive,0.80635320159
Postitive,0.743776847958
Postitive,0.791650264171
Postitive,0.860109575411
Postitive,0.787989818231
Postitive,0.251669305006
Postitive,0.69881673509
Postitive,0.40498300929
Postitive,0.807180659816
Postitive,0.755577388078
Postitive,0.954724755839
Postitive,0.95475025387
Postitive,0.628915254331
Postitive,0.829767254486
Postitive,0.935201988544
Postitive,0.427168756273
Postitive,0.933107113772
Postitive,0.599527561871
Postitive,0.282293014165
Postitive,0.93136701763
Postitive,0.98741788662
Postitive,0.530456293096
Postitive,0.796395986373
Postitive,0.903029190888
Postitive,0.904136779835
Postitive,0.646256592105
Postitive,0.211577836987
Postitive,0.770173456344
Postitive,0.941287997592
Postitive,0.368495685561
Postitive,0.93604105632
Postitive,0.680767937876
Postitive,0.69328280102
Postitive,0.886871300732
Postitive,0.7291765817
Postitive,0.935519241784
Postitive,0.233118505747
Postitive,0.218010371304
Postitive,0.825864444855
Postitive,0.658617754831
Postitive,0.863806614869
Postitive,0.911646938021
Postitive,0.941251189366
Postitive,0.506289060927
Postitive,0.916352280902
Postitive,0.218890563688
Postitive,0.779422587908
Postitive,0.144985796812
Postitive,0.807865221187
Postitive,0.910287595653
Postitive,0.5
Postitive,0.876413416137
Postitive,0.316131387445
Postitive,0.440586983198
Postitive,0.568498435538
Postitive,0.759817748766
Postitive,0.568286093713
Postitive,0.812970087808
Postitive,0.828540229265
Postitive,0.154675928749
Postitive,0.933428329519
Postitive,0.6338052204
Postitive,0.910089487466
Postitive,0.0620314319557
Postitive,0.913946022471
Postitive,0.97294604834
Postitive,0.898695675612
Postitive,0.5
Postitive,0.550577318145
Postitive,0.643666743069
Postitive,0.661528000704
Postitive,0.933182476593
Postitive,0.754710195841
Postitive,0.344415346307
Postitive,0.450320874708
Postitive,0.922238399768
Postitive,0.923370315809
Postitive,0.700615462084
Postitive,0.756097104078
Postitive,0.811949170704
Postitive,0.760212789182
Postitive,0.898669021434
Postitive,0.930207010875
Postitive,0.683827521001
Postitive,0.397488281274
Postitive,0.949567750858
Postitive,0.592133649303
Postitive,0.329927904608
Postitive,0.970207411767
Postitive,0.921304637116
Postitive,0.888719861777
Postitive,0.873652205494
Postitive,0.653761200656
Postitive,0.452706326679
Postitive,0.46061723524
Postitive,0.725487837548
Postitive,0.595921591877
Postitive,0.435320955353
Postitive,0.182384355418
Postitive,0.793502827221
Postitive,0.914572765884
Postitive,0.863632697739
Postitive,0.785803785617
Postitive,0.70628871213
Postitive,0.490030699439
Postitive,0.891171681875
Postitive,0.5
Postitive,0.363441457337
Postitive,0.235116956145
Postitive,0.564438694349
Postitive,0.703708273616
Postitive,0.44402695856
Postitive,0.58083439931
Postitive,0.614858300907
Postitive,0.666296030603
Postitive,0.894218160003
Postitive,0.261673562648
Postitive,0.558739980776
Postitive,0.634183899979
Postitive,0.797900209643
Postitive,0.887940631386
Postitive,0.816112237749
Postitive,0.366486176851
Postitive,0.851697006776
Postitive,0.725745616552
Postitive,0.86472295753
Postitive,0.941202220411
Postitive,0.660893839213
Postitive,0.602679238613
Postitive,0.239831960895
Postitive,0.905975933245
Postitive,0.904216979293
Postitive,0.588350676677
Postitive,0.875756960681
Postitive,0.902128706529
Postitive,0.842327261691
Postitive,0.851633694532
Postitive,0.730496324848
Postitive,0.943683764481
Postitive,0.928664884086
Postitive,0.807139895633
Postitive,0.634676355697
Postitive,0.362054610377
Postitive,0.232827363126
Postitive,0.776030548279
Postitive,0.748644183207
Postitive,0.924906388395
Postitive,0.5
Postitive,0.850625272316
Postitive,0.842565156383
Postitive,0.839791086704
Postitive,0.75647955839
Postitive,0.513851171229
Postitive,0.456951942366
Postitive,0.439283079781
Postitive,0.353488903679
Postitive,0.738068962808
Postitive,0.938847034746
Postitive,0.921324241076
Postitive,0.863473523204
Postitive,0.69909849191
Postitive,0.836926064408
Postitive,0.906941473907
Postitive,0.0969620583623
Postitive,0.442826544868
Postitive,0.855357386059
Postitive,0.938813761736
Postitive,0.903698555804
Postitive,0.685434231477
Postitive,0.862980423992
Postitive,0.879194124484
Postitive,0.856082956828
Postitive,0.414213056538
Postitive,0.724338579712
Postitive,0.167605570427
Postitive,0.691710924657
Postitive,0.644792829852
Postitive,0.949269796345
Postitive,0.816461155139
Postitive,0.795565493365
Postitive,0.396370993532
Postitive,0.0449526761656
Postitive,0.58427875461
Postitive,0.902139074331
Postitive,0.208673694493
Postitive,0.187535446836
Postitive,0.870305414516
Postitive,0.835280345364
Postitive,0.910057323819
Postitive,0.978007567526
Postitive,0.955427874747
Postitive,0.459600405857
Postitive,0.699937666397
Postitive,0.312146162643
Postitive,0.831642413986
Postitive,0.506928661024
Postitive,0.803069557525
Postitive,0.84310374407
Postitive,0.902304666251
Postitive,0.681928067697
Postitive,0.775161379408
Postitive,0.320496773132
Postitive,0.505844360651
Postitive,0.545536435869
Postitive,0.340959545636
Postitive,0.103153101661
Postitive,0.796380690398
Postitive,0.281960578544
Postitive,0.84199513168
Postitive,0.961358237737
Postitive,0.815745035767
Postitive,0.946866655221
Postitive,0.850674522963
Postitive,0.608622020483
Postitive,0.833943553012
Postitive,0.373477741445
Postitive,0.75514331299
Postitive,0.583650953454
Postitive,0.711696086891
Postitive,0.62519735838
Postitive,0.740127776139
Postitive,0.92234952131
Postitive,0.935723290429
Postitive,0.757348262683
Postitive,0.219121917607
Postitive,0.973982130517
Postitive,0.675228059278
Postitive,0.825591066095
Postitive,0.939671558402
Postitive,0.951321967626
Postitive,0.873769846169
Postitive,0.64532870915
Postitive,0.574628899709
Postitive,0.600979570347
Postitive,0.949834356024
Postitive,0.882740406785
Postitive,0.963207781804
Postitive,0.960697260717
Postitive,0.736288947265
Postitive,0.887431420172
Postitive,0.820086229016
Postitive,0.919966441052
Postitive,0.106250356571
Postitive,0.404738007099
Postitive,0.869938835462
Postitive,0.943763795359
Postitive,0.958361116059
Postitive,0.62461282108
Postitive,0.840098087691
Postitive,0.988869659644
Postitive,0.385694397031
Postitive,0.679796918729
Postitive,0.703629841098
Postitive,0.437590267397
Postitive,0.555788683871
Postitive,0.847408791653
Postitive,0.875439857441
Postitive,0.443993936098
Postitive,0.970553756575
Postitive,0.482006450894
Postitive,0.50576048696
Postitive,0.872814620887
Postitive,0.302330977344
Postitive,0.923602665837
Postitive,0.898419386003
Postitive,0.763907418092
Postitive,0.871664041561
Postitive,0.90852028174
Postitive,0.531965735824
Postitive,0.689524260775
Postitive,0.142270411465
Postitive,0.808452607145
Postitive,0.958096118948
Postitive,0.603232119677
Postitive,0.6788576955
Postitive,0.767867178265
Postitive,0.183780629653
Postitive,0.282139552109
Postitive,0.940181974127
Postitive,0.907456540669
Postitive,0.871257717228
Postitive,0.3278258249
Postitive,0.466017435372
Postitive,0.969760412952
Postitive,0.707304406533
Postitive,0.743128356973
Postitive,0.845000967096
Postitive,0.772542525648
Postitive,0.871570212033
Postitive,0.897632679078
Postitive,0.891052200613
Postitive,0.786850620053
Postitive,0.92267884213
Postitive,0.810295297359
Postitive,0.596022201289
Postitive,0.753902018312
Postitive,0.67081653738
Postitive,0.70113069785
Postitive,0.742691328507
Postitive,0.26022067175
Postitive,0.868881303829
Postitive,0.862925197684
Postitive,0.753175204975
Postitive,0.506880067778
Postitive,0.869605461
Postitive,0.254468788452
Postitive,0.457824447862
Postitive,0.464953915708
Postitive,0.747472520665
Postitive,0.929192670971
Postitive,0.906992045774
Postitive,0.87327904674
Postitive,0.410544596792
Postitive,0.935704859065
Postitive,0.705219513008
Postitive,0.935807711145
Postitive,0.847641027488
Postitive,0.238976546256
Postitive,0.664757453229
Postitive,0.609880558661
Postitive,0.0914457733094
Postitive,0.527847883456
Postitive,0.866609580198
Postitive,0.902612395844
Postitive,0.0261928423336
Postitive,0.334760095244
Postitive,0.445355025524
Postitive,0.5
Postitive,0.259244458372
Postitive,0.321321049202
Postitive,0.762152892663
Postitive,0.67846710741
Postitive,0.554431732225
Postitive,0.801407986496
Postitive,0.669941973921
Postitive,0.707425572794
Postitive,0.731621744612
Postitive,0.414564297301
Postitive,0.592384338971
Postitive,0.636507434462
Postitive,0.90410319009
Postitive,0.543866990317
Postitive,0.866176353239
Postitive,0.744554912654
Postitive,0.66698290749
Postitive,0.67016866695
Postitive,0.669710313912
Postitive,0.424123955954
Postitive,0.880888780032
Postitive,0.78796343577
Postitive,0.977833967402
Postitive,0.864641916591
Postitive,0.68863063173
Postitive,0.646746248149
Postitive,0.76218836501
Postitive,0.896143293196
Postitive,0.956888257088
Postitive,0.9406964633
Postitive,0.983605732927
Postitive,0.303650685097
Postitive,0.636708823894
Postitive,0.854611866816
Postitive,0.5
Postitive,0.777752000486
Postitive,0.962106471037
Postitive,0.285119678016
Postitive,0.6250590792
Postitive,0.924018286653
Postitive,0.915572223876
Postitive,0.898641479951
Postitive,0.798543905168
Postitive,0.9683139248
Postitive,0.896087562568
Postitive,0.801639229515
Postitive,0.797370354663
Postitive,0.818263992695
Postitive,0.561114111179
Postitive,0.380298050376
Postitive,0.844713280376
Postitive,0.158958410522
Postitive,0.285838956218
Postitive,0.971114861262
Postitive,0.884493957461
Postitive,0.72475337247
Postitive,0.552864644388
Postitive,0.479539555577
Postitive,0.898822554935
Postitive,0.603303437283
Postitive,0.221915874407
Postitive,0.299034213309
Postitive,0.901698394943
Postitive,0.642311777571
Postitive,0.82082601691
Postitive,0.811627359472
Postitive,0.406342403801
Postitive,0.618008973855
Postitive,0.743996214556
Postitive,0.598941241711
Postitive,0.911669505359
Postitive,0.146256500153
Postitive,0.381812513235
Postitive,0.894395621257
Postitive,0.734938872522
Postitive,0.877153394599
Postitive,0.956136017275
Postitive,0.362872685505
Postitive,0.898344187982
Postitive,0.85419284141
Postitive,0.425874198768
Postitive,0.927382465359
Postitive,0.193829469664
Postitive,0.542607671739
Postitive,0.919487306877
Postitive,0.929542769938
Postitive,0.419047767062
Postitive,0.785679618517
Postitive,0.293467532909
Postitive,0.869949726805
Postitive,0.401381260201
Postitive,0.199864272702
Postitive,0.782050621354
Postitive,0.315743426347
Postitive,0.631150266592
Postitive,0.724681020883
Postitive,0.852689043375
Postitive,0.916361068599
Postitive,0.888504517647
Postitive,0.912307985762
Postitive,0.948147702367
Postitive,0.888672381885
Postitive,0.69805903572
Postitive,0.891221924914
Postitive,0.885984851534
Postitive,0.5
Postitive,0.429838929262
Postitive,0.789697772811
Postitive,0.955257572165
Postitive,0.384061881524
Postitive,0.879137071369
Postitive,0.968326399712
Postitive,0.782615438871
Postitive,0.870969007773
Postitive,0.576429557078
Postitive,0.914515783668
Postitive,0.961926659947
Postitive,0.721824146222
Postitive,0.186115934296
Postitive,0.557080102674
Postitive,0.791198943424
Postitive,0.803495734446
Postitive,0.540354402251
Postitive,0.84630696124
Postitive,0.622006059624
Postitive,0.123464066991
Postitive,0.679535872524
Postitive,0.581108549358
Postitive,0.388026452599
Postitive,0.707752175503
Postitive,0.789620535586
Postitive,0.223854673816
Postitive,0.804298551013
Postitive,0.67070961009
Postitive,0.794920966732
Postitive,0.677326010447
Postitive,0.741534394257
Postitive,0.537094747818
Postitive,0.550391151344
Postitive,0.666683141387
Postitive,0.6820653095
Postitive,0.331398134406
Postitive,0.803278084825
Postitive,0.986866397307
Postitive,0.8438862624
Postitive,0.807761865961
Postitive,0.729872453235
Postitive,0.825857568439
Postitive,0.909816276532
Postitive,0.545219219203
Postitive,0.613694706066
Postitive,0.510857127933
Postitive,0.79955174635
Postitive,0.429623661287
Postitive,0.832351579129
Postitive,0.0159432468693
Postitive,0.674563964759
Postitive,0.754731189928
Postitive,0.700433458582
Postitive,0.473912192139
Postitive,0.950042470137
Postitive,0.829113219852
Postitive,0.849829498848
Postitive,0.305140203242
Postitive,0.54996443156
Postitive,0.842676700847
Postitive,0.863982255044
Postitive,0.959942435171
Postitive,0.844349963705
Postitive,0.932358010078
Postitive,0.840735387875
Postitive,0.962191986685
Postitive,0.843268864603
Postitive,0.64369023562
Postitive,0.710775373975
Postitive,0.779618832225
Postitive,0.924308364171
Postitive,0.480356655571
Postitive,0.646615559691
Postitive,0.952443603088
Postitive,0.64989471024
Postitive,0.346235713829
Postitive,0.11904934254
Postitive,0.92777938456
Postitive,0.194178723802
Postitive,0.911790385562
Postitive,0.951169495377
Postitive,0.661418584934
Postitive,0.0649156824846
Postitive,0.817211317748
Postitive,0.94734967509
Postitive,0.874602525309
Postitive,0.747349134055
Postitive,0.661293025796
Postitive,0.75998035887
Postitive,0.342459451371
Postitive,0.178255773794
Postitive,0.15046023262
Postitive,0.277437439948
Postitive,0.891630486258
Postitive,0.932714989736
Postitive,0.608963131236
Postitive,0.662962568629
Postitive,0.27158488608
Postitive,0.489871480376
Postitive,0.940465074241
Postitive,0.863835107313
Postitive,0.958198758222
Postitive,0.124058829271
Postitive,0.902622177707
Postitive,0.900521772485
Postitive,0.585982249249
Postitive,0.377495223079
Postitive,0.773789176199
Postitive,0.784356522677
Postitive,0.915976785379
Postitive,0.838990834645
Postitive,0.542704673566
Postitive,0.649491914369
Postitive,0.976798192021
Postitive,0.878420223668
Postitive,0.866700733256
Postitive,0.17389711535
Postitive,0.985207166993
Postitive,0.957703234937
Postitive,0.552207942232
Postitive,0.710145800888
Postitive,0.940495118289
Postitive,0.927048100981
Postitive,0.810467548834
Postitive,0.647909568624
Postitive,0.869650004504
Postitive,0.612251203542
Postitive,0.854726316308
Postitive,0.929024165921
Postitive,0.972389047886
Postitive,0.137576209888
Postitive,0.790658313195
Postitive,0.782944224059
Postitive,0.0702538093783
Postitive,0.868116322319
Postitive,0.892538255485
Postitive,0.852630021624
Postitive,0.139212103572
Postitive,0.902675384191
Postitive,0.812501905593
Postitive,0.895261153514
Postitive,0.79120028055
Postitive,0.514867826203
Postitive,0.88884622108
Postitive,0.83241983699
Postitive,0.820320384012
Postitive,0.820354688923
Postitive,0.937877104593
Postitive,0.807296400317
Postitive,0.732964960161
Postitive,0.880273121845
Postitive,0.932018011858
Postitive,0.968666509357
Postitive,0.770444794997
Postitive,0.485634056251
Postitive,0.798641655338
Postitive,0.873811459074
Postitive,0.875646237921
Postitive,0.915006760298
Postitive,0.927898680083
Postitive,0.975769881534
Negative,0.396104155032
Negative,0.356726496653
Negative,0.0114272024085
Negative,0.0434908259332
Negative,0.321474166559
Negative,0.253963158386
Negative,0.481502944135
Negative,0.847043130953
Negative,0.703594354604
Negative,0.199053015086
Negative,0.112412522015
Negative,0.308682213351
Negative,0.0587031130816
Negative,0.638159118026
Negative,0.0846937432773
Negative,0.638553672895
Negative,0.400085011538
Negative,0.526491485507
Negative,0.088772867392
Negative,0.481492653969
Negative,0.268517305556
Negative,0.0779222854735
Negative,0.315881044927
Negative,0.193735088814
Negative,0.931516530298
Negative,0.292878040164
Negative,0.593135555845
Negative,0.874472453513
Negative,0.080391267904
Negative,0.404402860717
Negative,0.139460008044
Negative,0.40259678845
Negative,0.910550357835
Negative,0.14922496605
Negative,0.281046505354
Negative,0.106430654138
Negative,0.0895678322666
Negative,0.165167959362
Negative,0.106069959297
Negative,0.0360039312405
Negative,0.50683964869
Negative,0.505585780553
Negative,0.198604890307
Negative,0.0222610040468
Negative,0.177953743623
Negative,0.413746298061
Negative,0.356562739072
Negative,0.0816819881919
Negative,0.148624761397
Negative,0.060967804311
Negative,0.0756608553202
Negative,0.0813649983543
Negative,0.0609736527824
Negative,0.887281777524
Negative,0.646654245875
Negative,0.208860947706
Negative,0.535376686706
Negative,0.0620846736161
Negative,0.154092985957
Negative,0.415104283781
Negative,0.0984124129148
Negative,0.201825943471
Negative,0.189717776042
Negative,0.125881092717
Negative,0.0890901659282
Negative,0.174760582061
Negative,0.444417704684
Negative,0.215368759794
Negative,0.0908880989679
Negative,0.129137685574
Negative,0.60986220686
Negative,0.430720115842
Negative,0.663743121632
Negative,0.0226998827152
Negative,0.337796632945
Negative,0.196776396992
Negative,0.748823172613
Negative,0.188649240976
Negative,0.507575965271
Negative,0.0812572229674
Negative,0.405913130076
Negative,0.0767224035542
Negative,0.449225803448
Negative,0.0186424120024
Negative,0.304856995286
Negative,0.127411776034
Negative,0.646952034179
Negative,0.149600906896
Negative,0.611858685687
Negative,0.85192450479
Negative,0.585424922076
Negative,0.012606548597
Negative,0.488888985075
Negative,0.830919511708
Negative,0.791282845484
Negative,0.0917244214401
Negative,0.20713978492
Negative,0.712288736287
Negative,0.672009194627
Negative,0.301431053128
Negative,0.475230477729
Negative,0.45728990012
Negative,0.242405546683
Negative,0.161304926628
Negative,0.402323277613
Negative,0.51450672637
Negative,0.423632539927
Negative,0.13613959522
Negative,0.253868981149
Negative,0.918339432999
Negative,0.717351766219
Negative,0.356511537484
Negative,0.144645957348
Negative,0.0780440955854
Negative,0.154264002464
Negative,0.034067916494
Negative,0.089203848997
Negative,0.0761746761463
Negative,0.190728466566
Negative,0.538794359497
Negative,0.0666528825482
Negative,0.125515817949
Negative,0.308406408463
Negative,0.708128821463
Negative,0.163536039273
Negative,0.0585745260448
Negative,0.0271529219894
Negative,0.467379217889
Negative,0.333546073124
Negative,0.0396951822427
Negative,0.0314550051496
Negative,0.871197996904
Negative,0.673170848487
Negative,0.131884187305
Negative,0.038367354142
Negative,0.136027819564
Negative,0.195389986471
Negative,0.177383205114
Negative,0.453174258822
Negative,0.39031744259
Negative,0.491154320989
Negative,0.327360623987
Negative,0.43197329817
Negative,0.625380328295
Negative,0.0281117831752
Negative,0.528643421544
Negative,0.297312726695
Negative,0.113811368985
Negative,0.169315283049
Negative,0.801499615156
Negative,0.407938406553
Negative,0.0479337289853
Negative,0.883092739627
Negative,0.853560890535
Negative,0.166992292947
Negative,0.257706962892
Negative,0.139457333056
Negative,0.612491206022
Negative,0.0880124078218
Negative,0.0340167245276
Negative,0.107911205085
Negative,0.0533394861921
Negative,0.268175428887
Negative,0.272402388613
Negative,0.447255160758
Negative,0.19452725051
Negative,0.116506901668
Negative,0.0240301681047
Negative,0.0402634212883
Negative,0.0543038536381
Negative,0.67446094491
Negative,0.736639808266
Negative,0.114488946596
Negative,0.382416445545
Negative,0.286697064686
Negative,0.0181402592587
Negative,0.369617521134
Negative,0.0698684060156
Negative,0.018109083003
Negative,0.130209699681
Negative,0.540468198639
Negative,0.192710276695
Negative,0.0750818803718
Negative,0.319477148593
Negative,0.00587425787386
Negative,0.957351626858
Negative,0.346706713115
Negative,0.192439362933
Negative,0.643579920265
Negative,0.0967850368363
Negative,0.814347241556
Negative,0.479195967079
Negative,0.0223738215328
Negative,0.611653786099
Negative,0.690492803883
Negative,0.104435600335
Negative,0.286144160569
Negative,0.0273129999215
Negative,0.184322918817
Negative,0.240092808496
Negative,0.464314424392
Negative,0.407982178783
Negative,0.156755495534
Negative,0.0727052599322
Negative,0.338185885437
Negative,0.476738280254
Negative,0.2665672622
Negative,0.164350569443
Negative,0.778133687366
Negative,0.194719931008
Negative,0.053337838911
Negative,0.679809260863
Negative,0.0561939051242
Negative,0.0945236923241
Negative,0.1586893462
Negative,0.573472331178
Negative,0.505821348912
Negative,0.605615748593
Negative,0.169464180933
Negative,0.146489823675
Negative,0.137881856846
Negative,0.468006444947
Negative,0.249574558868
Negative,0.29065489298
Negative,0.636508249571
Negative,0.5
Negative,0.279968049555
Negative,0.795748267544
Negative,0.148078829468
Negative,0.0596873589416
Negative,0.0859392610079
Negative,0.509875279781
Negative,0.864571885544
Negative,0.233294173543
Negative,0.869570385799
Negative,0.0782272099972
Negative,0.0870687516685
Negative,0.15130543508
Negative,0.0158547888128
Negative,0.0387200338684
Negative,0.363480255476
Negative,0.7125097736
Negative,0.129373625123
Negative,0.048160149279
Negative,0.0547658726425
Negative,0.836037267281
Negative,0.192923279158
Negative,0.696451304266
Negative,0.679260550256
Negative,0.40084737465
Negative,0.280815287612
Negative,0.10508525802
Negative,0.0458445600495
Negative,0.539426325611
Negative,0.0305954541868
Negative,0.10324881844
Negative,0.0251624673619
Negative,0.673061217553
Negative,0.0581255862753
Negative,0.0321002123332
Negative,0.395544111669
Negative,0.529188903389
Negative,0.80717780373
Negative,0.307846772566
Negative,0.800393041936
Negative,0.0475230447798
Negative,0.0973252258719
Negative,0.0645874302456
Negative,0.276221767434
Negative,0.291002390047
Negative,0.948717277695
Negative,0.242914784086
Negative,0.463235776046
Negative,0.298631267154
Negative,0.352662830487
Negative,0.0443757353345
Negative,0.0520577816272
Negative,0.523737484227
Negative,0.455054517195
Negative,0.279752712087
Negative,0.0958498687161
Negative,0.639512899804
Negative,0.289867027389
Negative,0.322817460689
Negative,0.177212267812
Negative,0.849798119371
Negative,0.0356999237088
Negative,0.51983776101
Negative,0.374760298229
Negative,0.310687659942
Negative,0.123508959781
Negative,0.0225979140686
Negative,0.151577145451
Negative,0.75271492568
Negative,0.360481196595
Negative,0.0693653411746
Negative,0.0323036067359
Negative,0.0873738260333
Negative,0.207163319818
Negative,0.636183079888
Negative,0.0440356701544
Negative,0.579108427725
Negative,0.45674886833
Negative,0.466310528846
Negative,0.0391032878428
Negative,0.162752638669
Negative,0.254697534433
Negative,0.434478684632
Negative,0.081490779118
Negative,0.335718070307
Negative,0.373649945644
Negative,0.56085024715
Negative,0.213325537416
Negative,0.0255954462327
Negative,0.320961712217
Negative,0.586378782005
Negative,0.0509257889404
Negative,0.231477409303
Negative,0.0461742430861
Negative,0.351898003587
Negative,0.0633643603623
Negative,0.40333556517
Negative,0.0643150475201
Negative,0.411028586551
Negative,0.0949554167898
Negative,0.0636701164899
Negative,0.0942749114526
Negative,0.597836253537
Negative,0.0718262659491
Negative,0.0302347822191
Negative,0.218933826913
Negative,0.0853968886849
Negative,0.555910498284
Negative,0.311148083131
Negative,0.564084536854
Negative,0.336188515028
Negative,0.323292056656
Negative,0.0831824102577
Negative,0.0558865496477
Negative,0.948698173892
Negative,0.477571014585
Negative,0.5
Negative,0.117873423679
Negative,0.639740772166
Negative,0.144660055674
Negative,0.280917746758
Negative,0.663836596203
Negative,0.475551934771
Negative,0.653412473365
Negative,0.0205577850127
Negative,0.435799615657
Negative,0.45787573308
Negative,0.128848868114
Negative,0.421378026914
Negative,0.215839226612
Negative,0.697258282244
Negative,0.589724863823
Negative,0.354136248018
Negative,0.129677288815
Negative,0.267491711423
Negative,0.218910263405
Negative,0.119385063223
Negative,0.269108525116
Negative,0.295797913323
Negative,0.0152490582365
Negative,0.0967752166768
Negative,0.0261360337044
Negative,0.835417988986
Negative,0.722241827236
Negative,0.378911980547
Negative,0.583590621266
Negative,0.319292541199
Negative,0.209461352907
Negative,0.221881082961
Negative,0.539235697687
Negative,0.570221501899
Negative,0.112276988308
Negative,0.136301132855
Negative,0.151995738255
Negative,0.592078160608
Negative,0.138344578872
Negative,0.200173837825
Negative,0.837178959248
Negative,0.822340802935
Negative,0.485758636505
Negative,0.413055325763
Negative,0.0779163742426
Negative,0.245356912237
Negative,0.586862818375
Negative,0.682849388863
Negative,0.189302553846
Negative,0.148587055875
Negative,0.139799343354
Negative,0.360174037339
Negative,0.712170610287
Negative,0.0781268419452
Negative,0.277995249321
Negative,0.94167465936
Negative,0.716869350984
Negative,0.505049522392
Negative,0.0538914113178
Negative,0.17309639581
Negative,0.728742608508
Negative,0.636933334659
Negative,0.448610279436
Negative,0.0465742332792
Negative,0.531734892383
Negative,0.409365670001
Negative,0.251093004146
Negative,0.559549609909
Negative,0.366639031943
Negative,0.0625200977781
Negative,0.108045824168
Negative,0.168442385109
Negative,0.0791468201715
Negative,0.88980774214
Negative,0.393931871637
Negative,0.251290284747
Negative,0.468595754959
Negative,0.23814981604
Negative,0.320660696834
Negative,0.381910022383
Negative,0.0381613154926
Negative,0.1321235785
Negative,0.694284904258
Negative,0.948309575665
Negative,0.33281177219
Negative,0.494196640092
Negative,0.174999473948
Negative,0.170438788513
Negative,0.0827910411393
Negative,0.132663642548
Negative,0.429919305114
Negative,0.199411043906
Negative,0.0998695656054
Negative,0.700501078578
Negative,0.810163122835
Negative,0.869499098589
Negative,0.135383792315
Negative,0.158875558447
Negative,0.341238261376
Negative,0.333172613956
Negative,0.192534268735
Negative,0.0665566280273
Negative,0.946028845207
Negative,0.666574257353
Negative,0.611161337945
Negative,0.091082050984
Negative,0.546447415549
Negative,0.10062226354
Negative,0.592875104024
Negative,0.38757074974
Negative,0.165272624923
Negative,0.305210119752
Negative,0.126925476666
Negative,0.547393054452
Negative,0.3888528535
Negative,0.194929146079
Negative,0.12571232435
Negative,0.171765338343
Negative,0.583762320748
Negative,0.441585150604
Negative,0.279272541054
Negative,0.21017725978
Negative,0.33252639601
Negative,0.141285019508
Negative,0.374737551465
Negative,0.370067127108
Negative,0.190934175913
Negative,0.19492802401
Negative,0.270303817961
Negative,0.919543801861
Negative,0.451360158006
Negative,0.0574247977781
Negative,0.510223337417
Negative,0.713658231866
Negative,0.119666455758
Negative,0.169814419446
Negative,0.796755285264
Negative,0.532085321455
Negative,0.329297326143
Negative,0.20935968687
Negative,0.1345371005
Negative,0.356829509322
Negative,0.216151278256
Negative,0.260788273219
Negative,0.0307785075355
Negative,0.752791102426
Negative,0.466829861534
Negative,0.212097372748
Negative,0.0961820506414
Negative,0.164146511407
Negative,0.225676566355
Negative,0.26054335246
Negative,0.139208015022
Negative,0.530473512291
Negative,0.0817189415825
Negative,0.0510320427789
Negative,0.372355893823
Negative,0.118932063887
Negative,0.157377197472
Negative,0.345861032134
Negative,0.0511247695772
Negative,0.101690178967
Negative,0.227297931544
Negative,0.0931922498702
Negative,0.158243397164
Negative,0.278606895895
Negative,0.145467376226
Negative,0.161031090677
Negative,0.0476960435156
Negative,0.361887333351
Negative,0.38687759822
Negative,0.153218811455
Negative,0.152291594035
Negative,0.64361022081
Negative,0.271498407863
Negative,0.5
Negative,0.286765437259
Negative,0.960195146918
Negative,0.0706486692172
Negative,0.796039284319
Negative,0.0968897947969
Negative,0.136648539128
Negative,0.0873783890717
Negative,0.11003751053
Negative,0.426808888874
Negative,0.107332534234
Negative,0.122776233743
Negative,0.101767360364
Negative,0.576201410076
Negative,0.0419882946887
Negative,0.101887830706
Negative,0.530350789755
Negative,0.643100173312
Negative,0.13494155784
Negative,0.368547209128
Negative,0.0611622290554
Negative,0.034467219887
Negative,0.0462797052195
Negative,0.201488387186
Negative,0.0748454994221
Negative,0.174129869281
Negative,0.170164842386
Negative,0.556137409253
Negative,0.0664093484963
Negative,0.0707498978768
Negative,0.0627717810337
Negative,0.0534915761864
Negative,0.151920091186
Negative,0.514676685205
Negative,0.119676255508
Negative,0.0817658422114
Negative,0.123250975939
Negative,0.152938903157
Negative,0.562335286433
Negative,0.0677772474927
Negative,0.531831835587
Negative,0.0780704255903
Negative,0.0208589516349
Negative,0.185481025457
Negative,0.259898828982
Negative,0.5
Negative,0.210985926114
Negative,0.386601171137
Negative,0.121439805289
Negative,0.430038287185
Negative,0.398916626014
Negative,0.206894785886
Negative,0.566855567013
Negative,0.146724466555
Negative,0.0745306874243
Negative,0.520972198456
Negative,0.613428924287
Negative,0.593329797363
Negative,0.903029732938
Negative,0.175138758889
Negative,0.229304514053
Negative,0.239054011625
Negative,0.26933088906
Negative,0.0966324977623
Negative,0.263376990371
Negative,0.30250613091
Negative,0.32998188766
Negative,0.189281558945
Negative,0.507859803213
Negative,0.251318733938
Negative,0.0792389707051
Negative,0.493113846132
Negative,0.180259453021
Negative,0.713471049803
Negative,0.895441048286
Negative,0.0591565813192
Negative,0.471655652646
Negative,0.0439413287773
Negative,0.127702279256
Negative,0.30787359491
Negative,0.180364336688
Negative,0.131220075362
Negative,0.34211753536
Negative,0.0547118295139
Negative,0.427487319731
Negative,0.0691628322176
Negative,0.650011899983
Negative,0.201688655044
Negative,0.331228657697
Negative,0.196770805836
Negative,0.939615433781
Negative,0.217754993846
Negative,0.547406461396
Negative,0.203560663005
Negative,0.48090898704
Negative,0.0600269111612
Negative,0.615798454306
Negative,0.267595420883
Negative,0.0860269342564
Negative,0.0620044693379
Negative,0.170188374378
Negative,0.15137535702
Negative,0.171628688378
Negative,0.0390461805327
Negative,0.281656330516
Negative,0.491539663082
Negative,0.907801454636
Negative,0.555827541185
Negative,0.569932653037
Negative,0.0996701241974
Negative,0.181171494209
Negative,0.0680216676477
Negative,0.184106937924
Negative,0.108047437201
Negative,0.190293119122
Negative,0.352343447009
Negative,0.0491492228314
Negative,0.160078557432
Negative,0.0615038440445
Negative,0.165178463673
Negative,0.165683636777
Negative,0.198744655317
Negative,0.5
Negative,0.194602177557
Negative,0.319109158439
Negative,0.380951192611
Negative,0.237072156473
Negative,0.604792946359
Negative,0.0296506883341
Negative,0.336078313644
Negative,0.288659230141
Negative,0.245180234318
Negative,0.310708978904
Negative,0.115219975981
Negative,0.254114507134
Negative,0.508135011878
Negative,0.102265522768
Negative,0.241850636367
Negative,0.130065657388
Negative,0.0902529853796
Negative,0.0506418976838
Negative,0.132029957804
Negative,0.113701740238
Negative,0.190108494457
Negative,0.139646745486
Negative,0.0658821990115
Negative,0.873733465087
Negative,0.574130031838
Negative,0.076723724115
Negative,0.177901142264
Negative,0.155903848568
Negative,0.445756249865
Negative,0.21184088259
Negative,0.217810926605
Negative,0.357256194872
Negative,0.414268541967
Negative,0.853597367851
Negative,0.195495404463
Negative,0.44534022655
Negative,0.422248260394
Negative,0.227870818052
Negative,0.609400594852
Negative,0.248650785228
Negative,0.393211412556
Negative,0.466359175602
Negative,0.399737368263
Negative,0.35774395925
Negative,0.197818070679
Negative,0.0492130844174
Negative,0.161528540126
Negative,0.287122351782
Negative,0.5
Negative,0.194671384833
Negative,0.166406997819
Negative,0.292592318378
Negative,0.492544687828
Negative,0.479182514368
Negative,0.0441861033735
Negative,0.196384857295
Negative,0.276440687311
Negative,0.216766249845
Negative,0.0430219034097
Negative,0.250558324856
Negative,0.224688273941
Negative,0.422281654517
Negative,0.0741211516977
Negative,0.0718241386372
Negative,0.120718259861
Negative,0.141948626723
Negative,0.0713507794426
Negative,0.278051103179
Negative,0.0916053238728
Negative,0.10167749382
Negative,0.232492133207
Negative,0.261629324706
Negative,0.283747982388
Negative,0.271167516228
Negative,0.5
Negative,0.187784807643
Negative,0.377704910293
Negative,0.337707024774
Negative,0.044302845659
Negative,0.153001299271
Negative,0.211352689383
Negative,0.290250870525
Negative,0.253155066529
Negative,0.098321935161
Negative,0.178701753944
Negative,0.0618741572411
Negative,0.19898638837
Negative,0.0655037029792
Negative,0.272161848962
Negative,0.218684888231
Negative,0.149410641338
Negative,0.25410580482
Negative,0.337107560418
Negative,0.252350927713
Negative,0.5
Negative,0.0919951678067
Negative,0.0858434308444
Negative,0.127584822349
Negative,0.29399927898
Negative,0.0811259612806
Negative,0.0479471525609
Negative,0.126959081781
Negative,0.438624997285
Negative,0.305205925697
Negative,0.159902205913
Negative,0.264721945374
Negative,0.261580005698
Negative,0.0832621660045
Negative,0.135284869135
Negative,0.151828211851
Negative,0.426674185584
Negative,0.358383675437
Negative,0.146179695659
Negative,0.356325717578
Negative,0.300733599777
Negative,0.334585035117
Negative,0.0443848079319
Negative,0.463872201568
Negative,0.365165693171
Negative,0.420723798014
Negative,0.25866731878
Negative,0.322694007898
Negative,0.185708015839
Negative,0.397553301564
Negative,0.232865926727
Negative,0.181523834335
Negative,0.359136143693
Negative,0.071899953354
Negative,0.0624701953865
Negative,0.184201265459
Negative,0.584161304353
Negative,0.158554667743
Negative,0.258764713614
Negative,0.378686294703
Negative,0.360076498664
Negative,0.550691353929
Negative,0.584759002591
Negative,0.55026419165
Negative,0.560163879218
Negative,0.624923793669
Negative,0.333016760443
Negative,0.723891439419
Negative,0.179355003199
Negative,0.0914232031146
Negative,0.110586295119
Negative,0.332876845525
Negative,0.273787329352
Negative,0.247484332868
Negative,0.139046912439
Negative,0.0578568385524
Negative,0.0235541097698
Negative,0.14748316556
Negative,0.0419542564862
Negative,0.239337841024
Negative,0.491287669363
Negative,0.632334962682
Negative,0.0390068546051
Negative,0.5598745132
Negative,0.177335485433
Negative,0.509075925298
Negative,0.0874982555762
Negative,0.0616626792544
Negative,0.649796197404
Negative,0.0721293504738
Negative,0.286123951702
Negative,0.0749845264363
Negative,0.299514914328
Negative,0.142600847303
Negative,0.171335570824
Negative,0.534479052396
Negative,0.142615807247
Negative,0.446306250925
Negative,0.179756371209
Negative,0.0409149421475
Negative,0.733932589878
Negative,0.576576809543
Negative,0.471887419277
Negative,0.672608551228
Negative,0.475107909649
Negative,0.330737434185
Negative,0.646834349839
Negative,0.133258722308
Negative,0.122435623645
Negative,0.0305837640832
Negative,0.276498161073
Negative,0.416934533736
Negative,0.385788638962
Negative,0.241057879568
Negative,0.141023700692
Negative,0.217433985792
Negative,0.149583721477
Negative,0.388211301921
Negative,0.5
Negative,0.447625092384
Negative,0.0948474597568
Negative,0.114448048995
Negative,0.951821423376
Negative,0.345711085377
Negative,0.147570082703
Negative,0.121866053916
Negative,0.429781468603
Negative,0.0900507686773
Negative,0.167252646164
Negative,0.251871026726
Negative,0.084376520064
Negative,0.826557224404
Negative,0.615696625932
Negative,0.64174397336
Negative,0.0706607526454
Negative,0.441586339755
Negative,0.316780356056
Negative,0.916471322022
Negative,0.298124641541
Negative,0.479079496148
Negative,0.300636587888
Negative,0.626267124904
Negative,0.290870848716
Negative,0.126443384256
Negative,0.0988965887469
Negative,0.0166507210032
Negative,0.20687350086
Negative,0.0479667292618
Negative,0.282833929017
Negative,0.350264198147
Negative,0.153808888345
Negative,0.215466680438
Negative,0.55770471921
Negative,0.113026102489
Negative,0.0542492337107
Negative,0.193957648863
Negative,0.490678315683
Negative,0.0705774237363
Negative,0.704690145165
Negative,0.271681749447
Negative,0.219450925035
Negative,0.71194782866
Negative,0.574351573586
Negative,0.139915042989
Negative,0.153517258131
Negative,0.378725265877
Negative,0.0370985970009
Negative,0.437732039128
Negative,0.0411242433077
Negative,0.490576921033
Negative,0.163031300825
Negative,0.860599719641
Negative,0.532810319608
Negative,0.552398261573
Negative,0.921243469017
Negative,0.0618581300486
Negative,0.451570007626
Negative,0.591015723482
Negative,0.223551801714
Negative,0.700946048372
Negative,0.288274258066
Negative,0.171457208126
Negative,0.236179466207
Negative,0.14982117426
Negative,0.165094765725
Negative,0.375403032473
Negative,0.362887907445
Negative,0.244235486372
Negative,0.911536985341
Negative,0.310585056487
Negative,0.0942153841412
Negative,0.344332449788
Negative,0.216144323387
Negative,0.0586332270503
Negative,0.616960775144
Negative,0.5
Negative,0.515345835626
Negative,0.832129918485
Negative,0.0817740269918
Negative,0.0969590935981
Negative,0.291615984073
Negative,0.102341022279
Negative,0.737954963249
Negative,0.110029864925
Negative,0.476897691275
Negative,0.463071603101
Negative,0.105280341506
Negative,0.279223129758
Negative,0.447042363127
Negative,0.425236850568
Negative,0.15991712754
Negative,0.109760003522
Negative,0.238399849439
Negative,0.162473164256
Negative,0.091132357965
Negative,0.954543322331
Negative,0.65699953238
Negative,0.424542816783
Negative,0.344890788438
Negative,0.0354632195039
Negative,0.476425958667
Negative,0.650814450825
Negative,0.0556064777909
Negative,0.291095616439
Negative,0.177674340526
Negative,0.731565181976
Negative,0.422843018925
Negative,0.0431246735342
Negative,0.387147895994
Negative,0.254620651985
Negative,0.0491292122106
Negative,0.386912318173
Negative,0.219151224652
Negative,0.271115181456
Negative,0.909346194756
Negative,0.626471705277
Negative,0.042107523203
Negative,0.243576137556
Negative,0.400481175394
Negative,0.313646959213
Negative,0.809345086804
Negative,0.160051513128
Negative,0.0442077689688
Negative,0.406040645566
Negative,0.747428716318
Negative,0.172864029047
Negative,0.748326430863
Negative,0.756307290145
Negative,0.18524862894
Negative,0.023561041292
Negative,0.233068886656
Negative,0.311927737318
Negative,0.127832958948
Negative,0.0841121590407
Negative,0.59677053079
Negative,0.410562467098
Negative,0.622603856925
Negative,0.630185797542
Negative,0.0377295184724
Negative,0.0802380289468
Negative,0.335994264744
Negative,0.693394451861
Negative,0.797323593371
Negative,0.313352673896
Negative,0.312975599151
Negative,0.486721332949
Negative,0.962071800658
Negative,0.764303696333
Negative,0.880426129915
Negative,0.233901379445
Negative,0.856573223581
Negative,0.873737270317
Negative,0.164891301547
Negative,0.455648572834
Negative,0.116987537818
Negative,0.683572096238
Negative,0.0645731674969
Negative,0.926134700955
Negative,0.349452966207
Negative,0.0413222218629
Negative,0.341192485604
Negative,0.126667109768
Negative,0.328115369853
Negative,0.0166672490503
Negative,0.198529007861
Negative,0.830604129806
Negative,0.1220510178
Negative,0.176574081216
Negative,0.0525398046357
Negative,0.0700055826369
Negative,0.0697864690875
Negative,0.150510184089
Negative,0.172622773883
Negative,0.6061976782
Negative,0.238010894945
Negative,0.116814490978
Negative,0.396760629264
Negative,0.0772106806481
Negative,0.170962131517
Negative,0.081354179906
Negative,0.15969537547
Negative,0.306557332401
Negative,0.126440252272
Negative,0.033265504704
Negative,0.0479555673325
Negative,0.0846355508054
Negative,0.279877152347
Negative,0.269669703858
Negative,0.0365478134951
Negative,0.0989147339338
Negative,0.173352388032
Negative,0.0603118228645
Negative,0.107909528371
Negative,0.392607026945
Negative,0.146803907854
Negative,0.122569226594
Negative,0.242194542349
Negative,0.0338601599241
Negative,0.0503535050438
Negative,0.68431221353
Negative,0.676265335943
Negative,0.0600362016751
Negative,0.113231993906
Negative,0.307613343557
Negative,0.737291978527
Negative,0.398214207585
Negative,0.869457167356
Negative,0.439794317823
Negative,0.339453864784
Negative,0.0847474239929
Negative,0.23920637449
Negative,0.704360386644
Negative,0.0395273909734
Negative,0.0495374383121
Negative,0.0344335980585
Negative,0.015443521079
Negative,0.0257500888478
Negative,0.035602987127
Negative,0.0975656266354
Negative,0.241243821187
Negative,0.780180169236
Negative,0.0465426891794
Negative,0.409297737268
Negative,0.812332614303
Negative,0.223696471028
Negative,0.637308854888
Negative,0.0721703531854
Negative,0.388297125621
Negative,0.167919907501
Negative,0.232415890994
Negative,0.155254826464
Negative,0.297231357379
Negative,0.34032726077
Negative,0.0734475941135
Negative,0.0594068034902
Negative,0.13863929958
Negative,0.190432679208
Negative,0.157929442901
Negative,0.280081814679
Negative,0.80587549554
Negative,0.179261730434
Negative,0.0945430164316
Negative,0.208215108206
Negative,0.297454715867
Negative,0.182778185229
Negative,0.426023002205
Negative,0.437011586287
Negative,0.130561484067
Negative,0.852184578893
Negative,0.0280662211
Negative,0.592305704911
Negative,0.514911396862
Negative,0.594704639192
Negative,0.355926392982
Negative,0.0960311733239
Negative,0.347570740123
Negative,0.491693829993
Negative,0.297583694408
Negative,0.224686075463
Negative,0.113795703294
Negative,0.770515269264
Negative,0.0797886623883
Negative,0.249085234351
Negative,0.271674177733
Negative,0.161409007599
Negative,0.295894261201
Negative,0.242327816102
Negative,0.0434308321353
Negative,0.104310972451
Negative,0.103295374182
Negative,0.816553826352
Negative,0.108268929228
Negative,0.0624209787214
Negative,0.256847289056
Negative,0.35867522807
Negative,0.480939935014
Negative,0.122157320366
Negative,0.127391583479
Negative,0.145339938539
Negative,0.319923063334
Negative,0.218597367601
Negative,0.114218831113
Negative,0.209064982737
Negative,0.726464238436
Negative,0.060906884666
Negative,0.30677171177
Negative,0.124798785293
Negative,0.311938906263
Negative,0.272457612291
Negative,0.330218209727
Negative,0.175741315731
Negative,0.0605257427006
Negative,0.0555339522476
Negative,0.12126622762
Negative,0.734672858685
Negative,0.0419677381953
Negative,0.941003454906
Negative,0.102600340613
Negative,0.544038006064
Negative,0.0646652739863
Negative,0.0741077683638
Negative,0.211253194224
Negative,0.0852203151686
Negative,0.505893298936
Negative,0.136552943022
Negative,0.384692667396
Negative,0.732369684551
Negative,0.584715743492
Negative,0.0424160456625
Negative,0.243405222601
Negative,0.805421910218
Negative,0.0929835442538
Negative,0.338331223097
Negative,0.668047842327
Negative,0.348504315702
Negative,0.38253410599
Negative,0.0953226927983
Negative,0.132667302369
Negative,0.607710682996
Negative,0.104339207639
Negative,0.037067923006
Negative,0.0765870595389
Negative,0.203530919805
Negative,0.263086938652
Negative,0.321314453216
Negative,0.509703018686
Negative,0.217069181764
Negative,0.257601655081
Negative,0.124866987259
Negative,0.0991170629095
Negative,0.588772342678
Negative,0.517081195651
Negative,0.0949995760972
Negative,0.142850524166
Negative,0.0879345908335
Negative,0.444575202655
Negative,0.129243430481
Negative,0.0719227009922
Negative,0.165985184856
Negative,0.168556905746
Negative,0.403369672499
Negative,0.166829567527
Negative,0.0459091599973
Negative,0.129663100633
Negative,0.0773189297922
Negative,0.517190364192
Negative,0.457506917561
Negative,0.2772204245
Negative,0.0326253679817
Negative,0.0842569971573
Negative,0.0931337305368
Negative,0.623890976756
Negative,0.082419122786
Negative,0.223968558946
Negative,0.328885810196
Negative,0.273030761386
Negative,0.0501456925495
Negative,0.385854016503
Negative,0.405485945297
Negative,0.102399225062
Negative,0.110398855286
Negative,0.550498436433
Negative,0.0477060222956
Negative,0.649267459867
Negative,0.071435932106
Negative,0.538023731184
Negative,0.70634702653
Negative,0.353379118977
Negative,0.322801865524
Negative,0.409830783441
Negative,0.116120657371
Negative,0.0611370100208
Negative,0.0221496167248
Negative,0.0649874303056
Negative,0.0425232022919
Negative,0.0390850409694
Negative,0.071168177773
Negative,0.254714318684
Negative,0.199607636248
Negative,0.0895849961511
Negative,0.726343809148
Negative,0.276916412271
Negative,0.150729298262
Negative,0.24945063835
Negative,0.162819088198
Negative,0.216128516591
Negative,0.135047156629
Negative,0.0748683130978
Negative,0.154652649961
Negative,0.0602895146526
Negative,0.518300900235
Negative,0.125621508549
Negative,0.108500809119
Negative,0.178465358073
Negative,0.67339723588
Negative,0.0360732569646
Negative,0.143748612465
Negative,0.314231992763
Negative,0.815888348815
Negative,0.336437667229
Negative,0.0403478591786
Negative,0.191100839285
Negative,0.088415786752
Negative,0.0870920791219
Negative,0.0376803857224
Negative,0.151434576616
Negative,0.130530279607
Negative,0.207214860429
Negative,0.103530728859
Negative,0.409510297825
Negative,0.054387182395
Negative,0.585165139501
Negative,0.535607656873
Negative,0.431995278681
Negative,0.133941826743
Negative,0.541631678749
Negative,0.15066585136
Negative,0.166283626595
Negative,0.0874316701676
Negative,0.187017668597
Negative,0.10759105781
Negative,0.377099888832
Negative,0.0928059342964
Negative,0.870681654805
Negative,0.631466824142
Negative,0.448690564569
Negative,0.463794513187
Negative,0.521768374711
Negative,0.715994434637
Negative,0.426504918717
Negative,0.183005831605
Negative,0.604113144649
Negative,0.764416096157
Negative,0.246449199305
Negative,0.71855367694
Negative,0.45696286912
Negative,0.518163969407
Negative,0.0613937900566
Negative,0.493947542586
Negative,0.0986499096355
Negative,0.691287364118
Negative,0.0594000916675
Negative,0.0162833817367
Negative,0.294268970205
Negative,0.0554878083828
Negative,0.0970243433605
Negative,0.150815038913
Negative,0.159227890344
Negative,0.415630507868
Negative,0.00837030677788
Negative,0.219769449495
Negative,0.828835250802
Negative,0.222366418185
Negative,0.656980848349
Negative,0.0664252318688
Negative,0.522338823968
Negative,0.191423214138
Negative,0.129878028013
Negative,0.898972051626
Negative,0.108291725037
Negative,0.251725039873
Negative,0.745367989327
Negative,0.027069677535
Negative,0.0605041324488
Negative,0.0944857480295
Negative,0.23627038155
Negative,0.5
Negative,0.106656714154
Negative,0.21496070395
Negative,0.143274697316
Negative,0.2899087507
Negative,0.392938473478
Negative,0.250471927804
Negative,0.719540447065
Negative,0.318784192312
Negative,0.203309558408
Negative,0.22770430718
Negative,0.150804923702
Negative,0.291861148259
Negative,0.490248225338
Negative,0.160958731868
Negative,0.739622269698
Negative,0.736994289674
Negative,0.225141823487
Negative,0.108274240054
Negative,0.0332097403641
Negative,0.0301964049182
Negative,0.0310244607566
Negative,0.0409541615195
Negative,0.0140553487989
Negative,0.0653820867089
Negative,0.0298020928987
Negative,0.126261745014
Negative,0.174172124779
Negative,0.492729007808
Negative,0.142367381278
Negative,0.233294406374
Negative,0.272407281875
Negative,0.108545129899
Negative,0.105629962811
Negative,0.379198884629
Negative,0.340738993588
Negative,0.525059681093
Negative,0.815812415503
Negative,0.844730464812
Negative,0.142802853217
Negative,0.123291225339
Negative,0.133635634657
Negative,0.152134534166
Negative,0.30037553179
Negative,0.777199660438
Negative,0.925085506092
Negative,0.233062635852
Negative,0.345781297908
Negative,0.790081403531
Negative,0.114424934098
Negative,0.225876356967
Negative,0.647715366203
Negative,0.163364538341
Negative,0.122953818912
Negative,0.477885159223
Negative,0.686681225156
Negative,0.349369269023
Negative,0.679912208891
Negative,0.505622799833
Negative,0.138093604439
Negative,0.174185786295
Negative,0.353335991289
Negative,0.176911334678
Negative,0.136736747971
Negative,0.346609077745
Negative,0.693269928836
Negative,0.0589403082619
Negative,0.282284469965
Negative,0.846626363277
Negative,0.150667386313
Negative,0.366169210699
Negative,0.0236778396269
Negative,0.129525919655
Negative,0.210154838228
Negative,0.44427775092
Negative,0.117402408959
Negative,0.241929602899
Negative,0.782445734484
Negative,0.281198950461
Negative,0.53491845276
Negative,0.430211789257
Negative,0.288061005543
Negative,0.461898009259
Negative,0.0581450424825
Negative,0.176904950652
Negative,0.124355064761
Negative,0.0559033814955
Negative,0.201994043312
Negative,0.0871612298252
Negative,0.320723651976
Negative,0.0192936361328
Negative,0.0814713979971
Negative,0.0888789821157
Negative,0.184094402225
Negative,0.08084105277
Negative,0.796511784304
Negative,0.257349584173
Negative,0.228263687235
Negative,0.394680971607
Negative,0.204675227997
Negative,0.330653564936
Negative,0.272819416542
Negative,0.30199635596
Negative,0.334888616458
Negative,0.601913205706
Negative,0.411499807575
Negative,0.0378347450001
Negative,0.29861891445
Negative,0.549651279324
Negative,0.254433470257
Negative,0.0930117256996
Negative,0.0398021383112
Negative,0.109712151776
Negative,0.247378384716
Negative,0.384084590749
Negative,0.124380442708
Negative,0.275747030583
Negative,0.160410985144
Negative,0.78482296365
Negative,0.0663434045078
Negative,0.460644558981
Negative,0.162195282519
Negative,0.0982823920945
Negative,0.223836640965
Negative,0.844089983344
Negative,0.0372578955731
Negative,0.967732255008
Negative,0.600737342195
Negative,0.362721214519
Negative,0.161161227953
Negative,0.485037896887
Negative,0.214480223395
Negative,0.235288910495
Negative,0.709152528646
Negative,0.206501640657
Negative,0.131426792091
Negative,0.769709679174
Negative,0.209545581288
Negative,0.320785909091
Negative,0.398935499136
Negative,0.179021995647
Negative,0.149674533085
Negative,0.384611445667
Negative,0.446979279946
Negative,0.0613717475295
Negative,0.551628416481
Negative,0.314557779206
Negative,0.16466401963
Negative,0.033103081769
Negative,0.247348367304
Negative,0.234950997932
Negative,0.335322755382
Negative,0.164812793875
Negative,0.197807636545
Negative,0.0655967478029
Negative,0.854119817991
Negative,0.811139000629
Negative,0.104435941302
Negative,0.208779661067
Negative,0.710358571664
Negative,0.334718166466
Negative,0.423210373547
Negative,0.222747028031
Negative,0.184786774991
Negative,0.152346443196
Negative,0.0599247380269
Negative,0.757048066286
Negative,0.670361024487
Negative,0.493749645794
Negative,0.0635664940786
Negative,0.308951281066
Negative,0.224404708682
Negative,0.411038087756
Negative,0.560553381046
Negative,0.390087043633
Negative,0.0428142203521
Negative,0.0423793240436
Negative,0.0411430779664
Negative,0.0730001670249
Negative,0.394229318877
Negative,0.821764551602
Negative,0.235993490106
Negative,0.799495481081
Negative,0.564121016949
Negative,0.270521495491
Negative,0.163861163905
Negative,0.299359932016
Negative,0.457454617869
Negative,0.784480177567
Negative,0.429507388714
Negative,0.201037753768
Negative,0.530107609551
Negative,0.586480775738
Negative,0.0363665139449
Negative,0.914364852182
Negative,0.269602434402
Negative,0.118862312146
Negative,0.23403097097
Negative,0.0539243836187
Negative,0.167785895581
Negative,0.14491370357
Negative,0.414777325492
Negative,0.0371215169897
Negative,0.357592737962
Negative,0.133055156744
Negative,0.712528619538
Negative,0.576454226133
Negative,0.0481924261187
Negative,0.451789366757
Negative,0.19471509985
Negative,0.10106084041
Negative,0.807428294965
Negative,0.140247645344
Negative,0.527993546612
Negative,0.304091681251
Negative,0.37423839385
Negative,0.885286507904
Negative,0.0458933385669
Negative,0.246745147924
Negative,0.523511842628
Negative,0.302572665709
Negative,0.191355358849
Negative,0.318357973081
Negative,0.482359523184
Negative,0.466690507433
Negative,0.310360212724
Negative,0.072637762173
Negative,0.095374680473
Negative,0.196825080528
Negative,0.0323935313644
Negative,0.516811697236
Negative,0.139034819743
Negative,0.141257054563
Negative,0.146433196096
Negative,0.0646944855909
Negative,0.387569729644
Negative,0.331037207503
Negative,0.660707394075
Negative,0.804518509033
Negative,0.194686201945
Negative,0.131200125475
Negative,0.236032735265
Negative,0.304110321207
Negative,0.0715412442613
Negative,0.701221187908
Negative,0.542328893331
Negative,0.140940200011
Negative,0.0485407142695
Negative,0.0972441078319
Negative,0.108395811128
Negative,0.218745532361
Negative,0.176528990398
Negative,0.0679537756342
Negative,0.176821873392
Negative,0.0550116294834
Negative,0.298676611255
Negative,0.125193251628
Negative,0.0479180235035
Negative,0.0611616739336
Negative,0.832494502961
Negative,0.063835309741
Negative,0.387419325946
Negative,0.036115659002
Negative,0.104840844811
Negative,0.267185287424
Negative,0.202056968695
Negative,0.171873754103
Negative,0.16595590704
Negative,0.3112614929
Negative,0.30923903193
Negative,0.12846747977
Negative,0.15275386231
Negative,0.0719295631551
Negative,0.219631261189
Negative,0.465399235043
Negative,0.446789489669
Negative,0.0969116776703
Negative,0.792249850267
Negative,0.293641720025
Negative,0.110578353129
Negative,0.0680155411082
Negative,0.0470417704766
Negative,0.0280173830614
Negative,0.101578255454
Negative,0.301357831207
Negative,0.0978846020712
Negative,0.0315128528281
Negative,0.86313564375
Negative,0.228029475124
Negative,0.348772243389
Negative,0.617600791884
Negative,0.235163744394
Negative,0.225511673925
Negative,0.234809886223
Negative,0.0227231740902
Negative,0.121951253981
Negative,0.728625227068
Negative,0.65308742709
Negative,0.0860654778141
Negative,0.490081714134
Negative,0.0491292686559
Negative,0.133677279134
Negative,0.146994022366
Negative,0.586341479759
Negative,0.217011855373
Negative,0.54738726021
Negative,0.331967216259
Negative,0.0240931949374
Negative,0.198996420256
Negative,0.0973374244646
Negative,0.376710048956
Negative,0.535630120191
Negative,0.413121407073
Negative,0.176988341783
Negative,0.377463236563
Negative,0.18087626234
Negative,0.0327160865197
Negative,0.176253746139
Negative,0.114871404945
Negative,0.25740404305
Negative,0.340550079443
Negative,0.236580653677
Negative,0.457491266911
Negative,0.732462892339
Negative,0.0319913876231
Negative,0.0220224225091
Negative,0.693742524219
Negative,0.0685231823349
Negative,0.910612113673
Negative,0.0242800019717
Negative,0.572104959214
Negative,0.13175082734
Negative,0.348600473773
Negative,0.110781432238
Negative,0.0760707292887
Negative,0.274799886197
Negative,0.254498021057
Negative,0.063892315418
Negative,0.0574952893676
Negative,0.0800798270831
Negative,0.148724359785
Negative,0.0600786146703
Negative,0.00614597368809
Negative,0.545118183433
Negative,0.467363250681
Negative,0.505419122988
Negative,0.16415716959
Negative,0.234756618112
Negative,0.129786011605
Negative,0.189197003724
Negative,0.0713473084694
Negative,0.148725028983
Negative,0.0475408410531
Negative,0.837737783938
Negative,0.716911482785
Negative,0.103848141204
Negative,0.088350100617
Negative,0.0600812344605
Negative,0.210547206493
Negative,0.647742227576
Negative,0.181544277643
Negative,0.185447668786
Negative,0.0564783893028
Negative,0.724988772789
Negative,0.305140820203
Negative,0.238485644929
Negative,0.171241983509
Negative,0.320182502075
Negative,0.201313192887
Negative,0.672937916038
Negative,0.374603080467
Negative,0.919215369655
Negative,0.064312399497
Negative,0.524540170637
Negative,0.707655565091
Negative,0.33226507646
Negative,0.988849736529
Negative,0.465440474161
Negative,0.239987036941
Negative,0.272469224803
Negative,0.0867103350694
Negative,0.264506699739
Negative,0.0724723528419
Negative,0.436469633723
Negative,0.471771369748
Negative,0.168711500863
Negative,0.411165624992
Negative,0.393049733973
Negative,0.0645719628323
Negative,0.647684769013
Negative,0.13494449436
Negative,0.392083996125
Negative,0.290731246336
Negative,0.331002653518
Negative,0.0161245259461
Negative,0.0492887663659
Negative,0.684614873488
Negative,0.0794628949056
Negative,0.466486479536
Negative,0.169722550074
Negative,0.126654304119
Negative,0.159339560231
Negative,0.250683805628
Negative,0.049790337793
Negative,0.0399088816924
Negative,0.578149385776
Negative,0.54540887711
Negative,0.034513215142
Negative,0.0530567450381
Negative,0.267535931283
Negative,0.0591822870516
Negative,0.757085894568
Negative,0.176196677145
Negative,0.112758794709
Negative,0.112328136567
Negative,0.0835464640699
Negative,0.126258052031
Negative,0.321371134424
Negative,0.541132847532
Negative,0.576598127844
Negative,0.208643691255
Negative,0.420330369504
Negative,0.254641149311
Negative,0.0246288833215
Negative,0.534114369353
Negative,0.189014420016
Negative,0.0755537922896
Negative,0.109261304232
Negative,0.0544809500382
Negative,0.411953629349
Negative,0.0663666457447
Negative,0.445017287391
Negative,0.117720316231
Negative,0.037775235525
Negative,0.0625652096907
Negative,0.169865338391
Negative,0.227489489246
Negative,0.255566225659
Negative,0.118764302892
Negative,0.26660990513
Negative,0.43161889772
Negative,0.292948452056
Negative,0.433757521323
Negative,0.464483979638
Negative,0.176009020394
Negative,0.5
Negative,0.1015739714
Negative,0.473714012463
Negative,0.183438758305
Negative,0.139338518689
Negative,0.455828957745
Negative,0.235278228735
Negative,0.0660686377607
Negative,0.254840004521
Negative,0.727955377811
Negative,0.478997994266
Negative,0.0924409458219
Negative,0.739707847269
Negative,0.422410003508
Negative,0.210029067625
Negative,0.238041431356
Negative,0.22536935193
Negative,0.787163452432
Negative,0.466379500512
Negative,0.0754063076245
Negative,0.772822133472
Negative,0.123003382778
Negative,0.185605046653
Negative,0.125686782446
Negative,0.412698314452
Negative,0.13667399787
Negative,0.688773139371
Negative,0.469234293458
Negative,0.115876691757
Negative,0.188139763279
Negative,0.380061198926
Negative,0.364542823103
Negative,0.635462405215
Negative,0.611102293025
Negative,0.0932676458608
Negative,0.765620222507
Negative,0.430655661192
Negative,0.149852238343
Negative,0.0750171945479
Negative,0.146381503621
Negative,0.652480964028
Negative,0.00981352994645
Negative,0.0838979486106
Negative,0.470953290557
Negative,0.184261232649
Negative,0.103216686207
Negative,0.120536530271
Negative,0.52093598728
Negative,0.29272330228
Negative,0.470835582084
Negative,0.388076813171
Negative,0.475403118323
Negative,0.221495739082
Negative,0.586520430993
Negative,0.606696349788
Negative,0.258453924666
Negative,0.602266966094
Negative,0.130730504916
Negative,0.0771623852619
Negative,0.54121471517
Negative,0.746353324596
Negative,0.235341836105
Negative,0.342975653276
Negative,0.716806407779
Negative,0.647587311661
Negative,0.0694577294799
Negative,0.757593133082
Negative,0.0365785795063
Negative,0.205200453943
Negative,0.357889548963
Negative,0.442888429607
Negative,0.242618979486
Negative,0.582380388438
Negative,0.5
Negative,0.0311897932871
Negative,0.148270325275
Negative,0.707189115218
Negative,0.0372279811629
Negative,0.873164635638
Negative,0.534241799927
Negative,0.302913208961
Negative,0.578732159866
Negative,0.19668475641
Negative,0.432404419976
Negative,0.46234246627
Negative,0.294010037399
Negative,0.438357390125
Negative,0.0969869912023
Negative,0.21045898227
Negative,0.148328084349
Negative,0.0502655013212
Negative,0.257892388623
Negative,0.102002841124
Negative,0.0183455771794
Negative,0.738865402678
Negative,0.538946978472
Negative,0.012722409375
Negative,0.646778806336
Negative,0.734090958888
Negative,0.255257621493
Negative,0.0601472915835
Negative,0.141464345295
Negative,0.246203878663
Negative,0.236015018707
Negative,0.0118852598861
Negative,0.55341012247
Negative,0.149959545142
Negative,0.0595480944568
Negative,0.184233828469
Negative,0.111209877741
Negative,0.0275044912431
Negative,0.129066493052
Negative,0.0864766840632
Negative,0.641923029549
Negative,0.231004392898
Negative,0.288270405401
Negative,0.29139600092
Negative,0.720914725615
Negative,0.399353925781
Negative,0.432132112227
Negative,0.867205670672
Negative,0.395727787779
Negative,0.395364931504
Negative,0.0245678525346
Negative,0.072003236556
Negative,0.0340556464442
Negative,0.553970951116
Negative,0.0162968526572
Negative,0.31858092197
Negative,0.283522716297
Negative,0.219413127992
Negative,0.888487916604
Negative,0.16594667177
Negative,0.529578148745
Negative,0.375464384574
Negative,0.757029855718
Negative,0.33971854717
Negative,0.463047103419
Negative,0.422471199864
Negative,0.373896409394
Negative,0.0787554979224
Negative,0.528117692972
Negative,0.0835784610037
Negative,0.98279225104
Negative,0.539549136399
Negative,0.990178183236
Negative,0.0809251338951
Negative,0.857308487813
Negative,0.328547094138
Negative,0.152693764079
Negative,0.524428640948
Negative,0.579459373502
Negative,0.41279526997
Negative,0.434634539173
Negative,0.161781818188
Negative,0.205814907885
Negative,0.669976644959
Negative,0.24874144359
Negative,0.783980363754
Negative,0.437994267538
Negative,0.166829404806
Negative,0.880778388835
Negative,0.169677835893
Negative,0.169147691532
Negative,0.639706773449
Negative,0.949969632676
Negative,0.321270620166
Negative,0.0713888089803
Negative,0.159773025813
Negative,0.138712643516
Negative,0.06347402188
Negative,0.40972766704
Negative,0.0240654217444
Negative,0.391590679676
Negative,0.109497578809
Negative,0.146039848322
Negative,0.355184310872
Negative,0.61655131385
Negative,0.0846919877528
Negative,0.256582789248
Negative,0.480880651155
Negative,0.442954042497
Negative,0.0597113687021
Negative,0.159954834435
Negative,0.13942129005
Negative,0.087745093804
Negative,0.194802674856
Negative,0.0459582797571
Negative,0.185669454996
Negative,0.104802072299
Negative,0.310394993896
Negative,0.158609676225
Negative,0.34389380953
Negative,0.0291682349586
Negative,0.0430607283937
Negative,0.376460510891
Negative,0.120283188093
Negative,0.259918204265
Negative,0.246656851635
Negative,0.422976938954
Negative,0.42261709496
Negative,0.609275483971
Negative,0.313352843468
Negative,0.837451860594
Negative,0.228935872363
Negative,0.0970145846616
Negative,0.103319823891
Negative,0.0703595404276
Negative,0.153054415345
Negative,0.0948327183647
Negative,0.617670621021
Negative,0.0553126318715
Negative,0.986344131122
Negative,0.0470610783526
Negative,0.337784875866
Negative,0.446223310221
Negative,0.5
Negative,0.877187688166
Negative,0.5
Negative,0.877393043634
Negative,0.962083098879
Negative,0.693214211933
Negative,0.265041645585
Negative,0.0910499242753
Negative,0.330924828878
Negative,0.0466745476577
Negative,0.142464776616
Negative,0.0562411262887
Negative,0.337511615335
Negative,0.286582193008
Negative,0.844974813739
Negative,0.67239822851
Negative,0.107157817194
